timestamp,direction,Support,Resistance,open,high,low,close,volume
2022-08-25,SHORT,"[248.28, 248.6]","[295.67, 298.9]",267.09,303.04,201.94,280.32,1412070.82
2022-08-26,SHORT,"[248.72, 248.95]","[299.96, 304.82]",251.12,309.2,189.87,260.42,193103.91
2022-08-27,SHORT,"[248.9, 254.66]","[304.01, 306.77]",268.26,314.52,220.59,229.65,1769767.99
2022-08-28,LONG,"[248.72, 252.39]","[300.47, 303.84]",289.08,318.76,233.22,227.86,1789032.38
2022-08-31,SHORT,"[249.6, 252.03]","[304.72, 305.05]",264.87,303.79,214.38,229.27,522647.79
2022-09-01,SHORT,"[254.09, 259.01]","[303.43, 306.77]",273.59,306.25,223.5,243.87,1527762.74
2022-09-02,None,"[251.99, 256.47]","[301.31, 309.56]",241.01,311.49,243.51,218.98,1689168.56
2022-09-03,LONG,"[257.4, 257.91]","[306.01, 309.04]",297.04,316.02,197.18,298.4,1365737.06
2022-09-04,None,"[257.78, 261.88]","[307.62, 311.0]",250.07,310.5,206.4,215.33,1833742.07
2022-09-08,LONG,"[254.9, 259.81]","[308.37, 313.55]",265.22,311.57,196.39,252.57,1689904.05
2022-09-09,None,"[261.69, 262.24]","[307.38, 307.58]",237.8,301.26,225.0,302.19,986017.33
2022-09-10,SHORT,"[259.65, 265.84]","[309.75, 313.95]",297.67,317.55,243.89,233.08,1968356.07
2022-09-11,None,"[263.01, 264.97]","[311.91, 316.13]",263.37,316.01,238.47,215.83,554591.56
2022-09-14,None,"[266.06, 266.8]","[311.64, 312.07]",237.99,308.22,239.81,248.54,569620.49
2022-09-15,LONG,"[262.31, 262.7]","[312.57, 317.89]",287.57,318.12,189.66,269.44,1755767.24
2022-09-16,LONG,"[262.18, 269.88]","[313.28, 315.05]",218.89,312.99,186.25,207.7,776238.37
2022-09-17,SHORT,"[269.04, 270.4]","[311.42, 317.98]",220.26,308.19,224.27,218.59,1278059.34
2022-09-18,SHORT,"[265.49, 269.4]","[320.3, 321.22]",204.14,302.97,239.66,265.44,270904.96
2022-09-22,SHORT,"[265.04, 269.43]","[316.64, 320.81]",267.53,303.61,203.9,303.32,1687186.17
2022-09-23,SHORT,"[265.05, 270.75]","[314.58, 321.75]",272.75,312.96,219.08,293.32,1687905.24
2022-09-24,SHORT,"[268.98, 271.58]","[317.58, 319.55]",214.73,303.78,187.42,233.02,981583.08
2022-09-25,LONG,"[267.13, 269.47]","[318.68, 322.71]",294.99,318.69,239.29,200.2,639169.87
2022-09-28,None,"[268.28, 275.48]","[324.11, 326.44]",223.19,303.98,222.03,207.85,508516.2
2022-09-29,SHORT,"[277.61, 277.95]","[322.15, 327.44]",263.01,301.65,185.1,246.57,748494.41
2022-10-01,None,"[270.48, 273.63]","[319.58, 320.11]",281.28,311.49,225.46,220.26,1690345.93
2022-10-02,SHORT,"[276.55, 278.45]","[322.3, 325.38]",250.9,307.2,188.12,300.54,1221662.62
2022-10-05,LONG,"[271.48, 279.38]","[323.06, 326.66]",239.36,304.43,235.14,243.16,1297544.71
2022-10-06,SHORT,"[275.79, 279.73]","[324.13, 328.85]",294.92,313.18,216.91,248.4,1939110.75
2022-10-07,LONG,"[279.59, 281.94]","[326.22, 328.49]",209.57,317.18,210.28,300.69,1766532.21
2022-10-08,None,"[277.06, 279.79]","[324.96, 332.48]",207.42,314.96,219.65,227.12,622834.41
2022-10-09,SHORT,"[276.79, 282.98]","[327.37, 332.52]",241.88,300.35,190.96,278.12,415188.96
2022-10-12,LONG,"[278.48, 285.22]","[327.65, 327.96]",255.9,311.93,221.11,291.72,958558.85
2022-10-13,None,"[284.54, 286.42]","[327.38, 332.07]",236.03,303.34,214.73,299.87,1347994.41
2022-10-14,None,"[280.98, 285.0]","[328.83, 331.73]",242.19,305.47,246.57,274.58,1945158.96
2022-10-15,None,"[282.05, 282.71]","[335.88, 337.27]",233.9,307.75,187.68,296.08,365175.53
2022-10-16,LONG,"[280.89, 281.2]","[335.91, 339.32]",261.14,310.23,226.02,260.78,264238.94
2022-10-19,None,"[282.88, 290.22]","[331.48, 336.31]",229.14,313.61,210.28,292.84,1947835.93
2022-10-20,LONG,"[285.27, 287.18]","[334.91, 337.98]",284.68,315.29,201.29,289.01,1947437.42
2022-10-22,None,"[283.7, 285.63]","[333.55, 339.1]",205.13,306.14,247.33,274.03,1920747.54
2022-10-23,LONG,"[284.38, 286.25]","[334.65, 337.87]",293.66,313.38,208.31,256.91,627340.06
2022-10-26,LONG,"[285.53, 292.43]","[335.4, 335.73]",253.23,308.1,203.77,256.3,453184.6
2022-10-27,LONG,"[292.61, 294.44]","[340.13, 340.67]",250.72,318.46,200.75,300.28,1977517.91
2022-10-29,LONG,"[292.04, 296.81]","[338.09, 343.64]",285.6,315.98,228.45,240.12,468121.08
2022-10-30,LONG,"[289.21, 289.79]","[338.65, 344.39]",230.12,304.4,244.98,265.2,1629540.66
2022-11-02,LONG,"[292.49, 296.3]","[339.38, 342.99]",292.6,309.59,199.42,274.48,1913472.42
2022-11-03,None,"[291.06, 297.44]","[340.07, 340.83]",219.19,318.96,185.71,297.09,1085989.29
2022-11-04,LONG,"[296.67, 297.53]","[343.24, 343.69]",248.65,319.6,229.03,232.83,1406141.51
2022-11-05,LONG,"[296.71, 298.56]","[345.45, 349.34]",273.33,317.15,223.2,306.72,757670.04
2022-11-06,LONG,"[293.42, 301.88]","[344.16, 347.84]",264.67,302.48,219.07,288.16,490734.95
2022-11-09,SHORT,"[296.15, 301.75]","[346.81, 350.75]",215.54,311.47,189.28,306.26,539625.12
2022-11-10,None,"[300.54, 300.74]","[348.64, 351.83]",272.11,316.13,242.36,224.14,1670507.31
2022-11-11,None,"[299.71, 301.96]","[349.12, 352.47]",204.66,314.21,234.4,202.84,494510.35
2022-11-12,LONG,"[302.36, 304.92]","[348.12, 350.09]",241.28,316.12,242.17,240.77,1776970.65
2022-11-13,None,"[298.44, 300.07]","[349.21, 352.93]",288.4,309.89,199.57,265.5,882549.55
2022-11-16,None,"[299.13, 307.59]","[354.02, 354.84]",245.64,319.77,191.43,245.18,1465668.77
2022-11-17,None,"[304.71, 308.37]","[351.79, 354.75]",277.38,300.91,218.43,205.72,145772.7
2022-11-18,SHORT,"[302.84, 310.13]","[356.8, 358.28]",242.2,315.75,219.63,294.7,178313.98
2022-11-19,LONG,"[307.42, 307.74]","[357.87, 360.71]",210.13,300.92,209.08,204.25,863253.61
2022-11-20,LONG,"[306.1, 310.63]","[354.37, 359.2]",270.88,301.94,184.06,303.38,967450.57
2022-11-23,LONG,"[310.04, 312.36]","[355.58, 357.61]",284.86,308.55,226.0,290.4,840365.89
2022-11-24,None,"[307.86, 308.91]","[359.36, 361.09]",217.13,313.67,226.13,292.4,1881657.32
2022-11-25,LONG,"[312.26, 314.72]","[357.64, 362.49]",282.27,311.77,188.12,255.31,1120277.39
2022-11-26,LONG,"[311.63, 314.7]","[362.33, 365.69]",235.6,300.82,204.81,272.78,191561.05
2022-11-30,LONG,"[308.17, 308.38]","[358.08, 358.68]",251.6,304.61,223.67,210.08,1852351.87
2022-12-01,LONG,"[313.51, 316.44]","[360.55, 363.38]",210.41,306.98,190.85,263.96,730201.5
2022-12-02,LONG,"[315.39, 316.92]","[364.14, 364.19]",231.01,305.12,195.28,270.37,917641.96
2022-12-03,LONG,"[315.32, 317.09]","[362.02, 363.45]",264.45,313.95,195.59,279.41,277131.98
2022-12-04,LONG,"[315.82, 320.68]","[366.69, 368.58]",223.32,309.89,238.29,250.5,622283.78
2022-12-07,LONG,"[313.4, 319.26]","[363.76, 371.4]",247.81,306.99,242.04,211.81,286473.14
2022-12-08,LONG,"[315.59, 322.65]","[372.04, 373.03]",289.65,304.55,197.78,233.57,513447.53
2022-12-09,None,"[322.82, 324.96]","[366.07, 369.79]",243.63,312.31,205.07,241.22,1612750.76
2022-12-10,LONG,"[318.44, 324.11]","[370.31, 374.03]",261.56,310.03,232.19,233.58,132912.55
2022-12-11,None,"[320.62, 320.92]","[367.93, 368.6]",233.25,304.8,206.28,259.78,528616.62
2022-12-14,None,"[320.47, 320.82]","[372.08, 376.22]",244.84,312.92,195.0,206.2,1837470.13
2022-12-15,None,"[323.32, 324.5]","[373.69, 378.73]",221.13,308.08,230.33,288.82,708813.13
2022-12-16,LONG,"[325.38, 326.57]","[374.24, 376.34]",205.84,311.36,211.86,252.18,1482192.32
2022-12-17,LONG,"[323.31, 328.33]","[371.64, 372.95]",240.79,313.2,204.99,230.77,1531516.01
2022-12-18,LONG,"[325.75, 327.65]","[376.56, 380.62]",281.41,306.53,249.3,200.59,1653510.08
2022-12-21,LONG,"[326.18, 328.72]","[381.72, 382.75]",212.59,318.79,199.37,254.86,989212.16
2022-12-22,SHORT,"[329.61, 330.23]","[374.94, 375.69]",247.43,307.32,219.46,283.67,1767441.61
2022-12-23,None,"[326.55, 331.14]","[376.33, 380.29]",264.21,308.31,231.49,252.14,385868.08
2022-12-24,None,"[330.29, 335.68]","[378.35, 385.76]",285.45,306.38,222.0,259.89,744053.32
2022-12-25,LONG,"[328.68, 328.72]","[383.45, 385.48]",299.01,301.24,208.37,245.46,890406.22
2022-12-29,LONG,"[331.52, 333.78]","[383.87, 384.59]",266.17,300.65,235.25,261.05,341585.75
2022-12-30,LONG,"[330.8, 337.49]","[382.26, 384.15]",294.55,310.85,210.09,295.19,1110749.89
2022-12-31,LONG,"[335.84, 338.24]","[388.1, 388.51]",219.19,314.38,239.52,256.23,1660556.31
2023-01-01,LONG,"[333.34, 337.35]","[384.25, 387.76]",213.66,309.47,216.92,267.3,1786108.36
2023-01-05,LONG,"[336.2, 338.13]","[384.26, 391.67]",223.03,310.54,209.75,247.88,486128.89
2023-01-06,LONG,"[339.65, 340.4]","[388.14, 390.58]",207.83,301.51,227.44,264.86,598484.02
2023-01-07,LONG,"[339.32, 341.72]","[388.26, 392.56]",273.37,315.53,243.74,251.4,1081199.32
2023-01-08,LONG,"[335.82, 342.98]","[387.37, 393.51]",230.21,305.55,212.53,264.61,588494.76
2023-01-11,LONG,"[339.4, 341.58]","[389.93, 390.03]",295.77,308.55,219.47,202.11,1168449.5
2023-01-12,LONG,"[338.77, 345.8]","[388.17, 392.27]",277.33,308.17,238.91,261.92,1905943.34
2023-01-13,SHORT,"[344.23, 345.91]","[390.77, 393.14]",232.9,318.89,213.52,274.68,967121.32
2023-01-14,LONG,"[344.94, 345.99]","[394.39, 396.8]",293.84,306.1,184.26,252.42,219085.62
2023-01-15,None,"[346.86, 349.94]","[390.79, 393.3]",297.58,308.09,198.21,229.27,518397.44
2023-01-19,None,"[346.01, 346.69]","[395.53, 397.56]",235.12,307.6,244.56,234.59,647448.49
2023-01-20,None,"[343.86, 346.91]","[392.09, 397.16]",216.51,312.53,217.49,225.61,852879.27
2023-01-21,None,"[343.13, 343.99]","[397.89, 399.62]",201.84,305.03,181.54,224.93,992911.15
2023-01-22,SHORT,"[344.61, 350.86]","[399.38, 399.81]",277.2,305.94,237.49,204.04,1660401.74
2023-01-25,SHORT,"[246.09, 250.57]","[297.41, 299.54]",266.16,319.92,246.69,298.32,1149852.74
2023-01-26,SHORT,"[251.89, 252.73]","[298.48, 305.79]",273.77,314.64,233.17,248.14,986491.07
2023-01-27,None,"[253.13, 256.14]","[300.58, 305.65]",217.43,307.36,207.16,232.54,1006751.45
2023-01-28,LONG,"[253.46, 255.69]","[302.99, 303.86]",296.01,305.1,224.47,269.89,871788.25
2023-01-29,None,"[252.29, 253.41]","[300.78, 305.23]",239.29,314.22,197.08,294.93,1152783.24
2023-02-01,None,"[252.81, 254.42]","[304.52, 307.94]",219.9,310.44,186.54,221.57,466055.24
2023-02-02,LONG,"[251.8, 255.78]","[301.52, 306.86]",237.46,300.88,181.47,226.02,925061.35
2023-02-03,LONG,"[255.26, 256.6]","[305.47, 309.49]",261.31,300.39,226.55,238.82,1646660.35
2023-02-04,SHORT,"[258.39, 259.84]","[311.31, 312.91]",254.81,310.13,241.34,248.56,142833.26
2023-02-05,SHORT,"[260.51, 261.99]","[304.34, 308.62]",286.27,314.93,216.64,297.4,1324769.99
2023-02-08,None,"[257.77, 262.91]","[305.1, 310.03]",235.72,301.61,214.4,308.51,1974888.14
2023-02-09,SHORT,"[258.54, 261.73]","[309.46, 313.64]",213.75,309.83,202.83,290.02,345366.22
2023-02-10,None,"[258.51, 264.7]","[313.58, 314.92]",277.72,310.17,248.09,236.09,541714.24
2023-02-11,SHORT,"[261.65, 265.88]","[311.27, 316.81]",295.35,300.73,209.97,208.74,1567096.76
2023-02-12,SHORT,"[260.44, 262.77]","[316.71, 317.9]",250.51,303.7,230.1,309.47,498273.15
2023-02-15,SHORT,"[268.98, 269.07]","[313.89, 318.82]",290.71,317.06,229.71,200.86,1040642.1
2023-02-16,SHORT,"[266.48, 267.14]","[312.94, 314.17]",260.63,315.05,236.98,234.16,1316779.19
2023-02-17,SHORT,"[266.13, 267.72]","[313.48, 320.53]",281.12,315.35,240.6,205.37,193846.37
2023-02-18,SHORT,"[265.42, 266.38]","[321.97, 322.1]",211.56,307.1,220.8,290.74,1995070.5
2023-02-19,SHORT,"[269.18, 270.71]","[316.65, 321.57]",241.41,305.59,223.34,281.27,994316.87
2023-02-23,SHORT,"[265.71, 272.98]","[317.51, 321.09]",264.45,304.97,191.3,308.36,1819334.44
2023-02-24,SHORT,"[268.14, 273.32]","[318.59, 324.41]",259.18,315.0,212.7,309.36,669709.4
2023-02-25,None,"[271.44, 274.74]","[320.94, 322.34]",247.33,306.09,193.38,266.39,1665834.61
2023-02-26,SHORT,"[272.39, 275.58]","[320.67, 323.64]",213.05,312.09,208.19,203.16,1429741.93
2023-03-01,SHORT,"[270.01, 270.18]","[323.32, 328.55]",223.22,318.21,246.75,307.65,679615.85
2023-03-02,SHORT,"[270.74, 274.08]","[321.33, 328.39]",229.48,305.85,200.08,267.95,720349.18
2023-03-03,SHORT,"[274.29, 275.77]","[323.38, 326.67]",293.1,313.11,213.35,213.13,1991436.77
2023-03-04,SHORT,"[275.34, 278.67]","[330.07, 331.77]",245.95,316.67,232.6,253.74,842200.76
2023-03-05,SHORT,"[275.18, 277.47]","[324.5, 327.97]",242.39,300.39,245.19,234.71,787814.68
2023-03-08,SHORT,"[283.51, 283.84]","[332.37, 333.33]",255.6,315.41,202.16,220.0,1563375.11
2023-03-09,SHORT,"[276.96, 280.25]","[329.97, 334.63]",285.57,306.53,231.57,220.99,1516028.74
2023-03-10,SHORT,"[277.22, 282.77]","[327.31, 334.31]",203.2,303.14,242.85,220.1,1631493.52
2023-03-11,SHORT,"[281.08, 282.91]","[328.01, 330.57]",268.05,312.66,227.15,269.88,1706312.81
2023-03-12,SHORT,"[278.33, 284.93]","[334.07, 335.88]",276.93,300.86,232.81,224.76,1290810.09
2023-03-15,SHORT,"[279.52, 284.02]","[330.9, 333.49]",280.46,300.32,181.29,305.0,243641.28
2023-03-16,LONG,"[283.64, 289.61]","[334.03, 338.93]",282.93,308.07,219.31,244.99,1318191.12
2023-03-17,LONG,"[286.47, 290.19]","[339.65, 339.86]",228.99,309.7,205.47,208.48,1682030.03
2023-03-18,SHORT,"[283.15, 291.03]","[333.84, 339.04]",220.79,318.85,226.93,243.5,1469190.6
2023-03-19,SHORT,"[284.43, 285.52]","[334.76, 340.88]",298.66,314.07,233.63,203.69,366502.44
2023-03-22,SHORT,"[289.33, 293.65]","[337.75, 338.49]",244.07,319.61,236.5,294.44,826705.28
2023-03-23,SHORT,"[285.79, 293.29]","[337.62, 343.37]",255.7,312.55,221.93,286.15,460848.5
2023-03-24,SHORT,"[286.33, 286.96]","[344.6, 345.43]",248.56,314.94,233.64,271.96,556562.45
2023-03-25,None,"[288.99, 295.25]","[338.62, 346.16]",269.33,300.56,199.48,227.96,972677.71
2023-03-26,None,"[292.75, 295.36]","[338.57, 342.04]",269.51,316.24,214.17,209.47,1350456.19
2023-03-29,None,"[292.41, 294.55]","[341.63, 347.57]",299.79,300.09,231.28,204.37,293622.43
2023-03-30,None,"[291.58, 295.38]","[345.68, 347.59]",290.46,303.25,206.68,302.49,1646301.54
2023-03-31,SHORT,"[293.67, 298.18]","[342.61, 343.52]",238.73,307.02,221.39,272.16,1006728.29
2023-04-01,SHORT,"[299.72, 299.77]","[344.98, 349.45]",201.71,308.42,232.09,292.91,1194642.96
2023-04-02,SHORT,"[298.82, 299.86]","[343.01, 352.74]",284.86,318.68,193.42,227.5,1799621.9
2023-04-05,None,"[294.6, 302.38]","[346.9, 353.32]",257.18,314.03,221.26,306.21,1685889.01
2023-04-06,None,"[295.23, 297.89]","[345.9, 347.22]",244.36,308.16,229.02,203.27,1528844.05
2023-04-07,SHORT,"[296.13, 297.74]","[346.22, 349.17]",235.6,301.76,246.53,303.1,1613537.91
2023-04-08,SHORT,"[298.26, 300.62]","[349.68, 350.37]",232.27,318.34,199.76,226.97,1951884.55
2023-04-12,None,"[298.31, 305.87]","[348.13, 357.62]",229.51,310.23,239.04,299.67,1541415.5
2023-04-13,None,"[300.22, 306.11]","[349.98, 352.08]",269.12,314.04,195.5,232.47,113491.09
2023-04-14,None,"[306.39, 307.63]","[352.07, 353.44]",218.46,302.08,206.35,303.3,1700483.8
2023-04-15,None,"[310.05, 310.34]","[356.67, 359.53]",276.27,303.97,216.14,220.46,845339.29
2023-04-16,SHORT,"[303.05, 306.48]","[358.06, 358.09]",206.57,303.38,223.21,208.62,1869824.22
2023-04-19,None,"[309.34, 312.75]","[361.5, 362.8]",293.71,317.2,216.88,208.53,1328536.37
2023-04-20,None,"[307.76, 313.85]","[354.03, 356.89]",224.78,314.75,222.3,217.2,1353698.52
2023-04-21,None,"[306.52, 312.13]","[355.33, 356.37]",231.72,312.19,191.89,295.18,1768524.84
2023-04-22,SHORT,"[309.82, 310.45]","[358.06, 364.44]",236.37,305.45,210.76,225.2,115382.03
2023-04-23,LONG,"[307.84, 312.48]","[364.4, 365.76]",284.0,302.76,216.65,252.32,1568793.13
2023-04-27,LONG,"[310.63, 314.82]","[365.82, 367.7]",298.89,319.74,235.16,308.36,1434051.73
2023-04-28,SHORT,"[309.95, 318.25]","[366.93, 367.23]",297.53,319.59,194.56,231.88,468626.95
2023-04-29,SHORT,"[315.23, 317.76]","[366.59, 369.16]",277.01,309.69,206.35,284.99,1711510.64
2023-04-30,LONG,"[312.79, 313.98]","[362.73, 370.12]",201.76,301.05,247.31,266.0,1354521.05
2023-05-03,LONG,"[314.67, 315.77]","[364.93, 365.93]",204.19,319.71,249.16,235.81,1527135.65
2023-05-04,SHORT,"[315.57, 316.25]","[365.26, 372.28]",283.97,317.56,196.14,290.01,226305.21
2023-05-05,SHORT,"[317.78, 318.92]","[368.26, 373.42]",299.4,313.48,205.18,297.46,1408794.09
2023-05-06,None,"[321.29, 324.27]","[367.97, 368.51]",219.11,306.0,204.5,302.15,1848226.49
2023-05-07,LONG,"[317.3, 318.56]","[371.0, 372.05]",268.25,319.16,200.49,270.05,1193770.52
2023-05-10,SHORT,"[322.38, 323.09]","[368.54, 376.94]",294.4,301.38,230.7,252.8,311151.98
2023-05-11,LONG,"[325.95, 327.53]","[370.74, 375.54]",203.46,313.86,246.81,280.0,611909.91
2023-05-12,None,"[320.4, 325.43]","[370.57, 376.17]",247.35,318.78,199.14,276.72,881177.72
2023-05-13,None,"[324.24, 326.58]","[373.58, 375.01]",229.29,306.21,228.77,218.57,566283.84
2023-05-14,SHORT,"[322.13, 330.47]","[371.32, 378.32]",204.37,305.23,185.3,217.41,462170.88
2023-05-17,SHORT,"[324.47, 330.03]","[377.67, 380.42]",276.6,315.98,246.66,272.99,1021461.35
2023-05-18,SHORT,"[323.8, 329.39]","[380.28, 381.72]",267.38,307.77,199.92,294.06,491713.9
2023-05-19,SHORT,"[328.86, 329.37]","[374.41, 377.97]",252.04,310.12,192.6,308.41,1615144.83
2023-05-20,None,"[330.91, 334.99]","[376.2, 382.05]",213.11,303.57,204.48,288.8,1801877.65
2023-05-21,None,"[329.13, 335.14]","[381.51, 385.02]",211.41,305.67,213.8,216.13,1676080.28
2023-05-24,LONG,"[327.3, 335.86]","[382.48, 385.21]",219.35,312.23,205.81,244.58,1711462.35
2023-05-25,SHORT,"[328.58, 335.97]","[379.47, 385.89]",251.05,313.9,194.07,229.66,908010.73
2023-05-26,LONG,"[329.43, 329.88]","[384.31, 388.05]",218.77,316.23,193.04,260.92,1160194.17
2023-05-27,SHORT,"[332.05, 334.76]","[381.37, 389.42]",249.15,315.35,249.34,226.83,1503811.2
2023-05-28,None,"[334.85, 340.08]","[384.25, 386.85]",260.41,300.08,221.84,233.62,1871532.03
2023-06-01,None,"[334.45, 336.02]","[383.69, 390.19]",257.47,311.33,204.84,201.17,102941.88
2023-06-02,None,"[334.2, 341.9]","[383.03, 385.31]",281.05,301.76,202.14,287.31,107651.38
2023-06-03,None,"[336.18, 337.57]","[390.39, 390.64]",284.82,305.26,228.14,249.73,946480.09
2023-06-04,None,"[336.63, 345.0]","[392.15, 394.99]",235.27,317.31,214.93,209.7,1175515.45
2023-06-07,None,"[336.43, 341.03]","[388.27, 393.32]",209.92,311.53,208.63,241.4,1142566.17
2023-06-08,None,"[339.75, 343.85]","[390.43, 391.29]",276.29,309.78,188.49,262.67,1634539.34
2023-06-09,None,"[346.77, 347.68]","[391.89, 392.01]",236.31,319.83,231.87,258.25,1862217.06
2023-06-10,None,"[341.1, 347.45]","[390.81, 394.19]",261.51,306.55,248.56,229.32,216276.59
2023-06-11,None,"[342.17, 346.78]","[397.39, 397.84]",294.73,304.98,203.43,219.77,234655.63
2023-06-14,None,"[341.93, 346.07]","[392.42, 397.03]",224.49,314.66,241.25,240.24,1071806.51
2023-06-15,LONG,"[346.15, 346.73]","[395.72, 398.75]",265.22,308.17,189.86,277.22,1501722.26
2023-06-16,None,"[347.1, 351.72]","[397.27, 401.39]",282.2,309.57,212.16,250.4,187314.4
2023-06-17,SHORT,"[345.09, 348.2]","[399.8, 401.22]",229.43,316.53,216.78,210.88,1700940.39
2023-06-18,SHORT,"[252.47, 253.38]","[297.38, 304.2]",210.76,302.29,233.73,258.66,1038069.0
2023-06-22,None,"[250.94, 252.76]","[302.27, 305.73]",233.07,313.88,209.03,272.54,129090.32
2023-06-23,SHORT,"[248.73, 255.74]","[298.16, 302.48]",261.38,319.52,222.98,230.0,216827.44
2023-06-24,None,"[250.03, 252.68]","[298.56, 299.25]",253.59,306.29,239.29,304.91,420256.37
2023-06-25,SHORT,"[252.98, 253.21]","[302.24, 307.82]",266.83,317.43,220.26,290.23,1099902.45
2023-06-28,SHORT,"[250.33, 250.58]","[302.27, 305.56]",228.67,309.93,227.85,259.35,1559783.66
2023-06-29,None,"[257.46, 258.54]","[303.08, 310.07]",276.32,319.81,227.25,216.23,453906.73
2023-06-30,None,"[253.64, 259.45]","[302.55, 310.54]",271.75,307.28,238.95,203.53,1928763.45
2023-07-01,None,"[261.17, 262.36]","[308.19, 309.92]",279.15,312.89,228.97,291.88,780257.18
2023-07-02,None,"[254.9, 263.11]","[309.22, 309.64]",295.16,302.27,247.78,214.99,1674580.81
2023-07-04,None,"[256.77, 263.24]","[307.9, 313.15]",279.84,308.28,195.41,257.5,615145.6
2023-07-07,SHORT,"[263.18, 265.39]","[306.34, 315.8]",242.64,305.96,243.59,222.9,546900.84
2023-07-08,SHORT,"[261.6, 266.95]","[307.6, 311.05]",236.31,304.93,189.67,214.22,828025.23
2023-07-09,SHORT,"[259.03, 261.51]","[308.55, 316.41]",275.63,300.25,187.92,235.64,1617817.45
2023-07-12,None,"[262.78, 263.61]","[316.85, 317.51]",283.53,306.47,183.45,253.13,982337.76
2023-07-13,None,"[263.45, 269.5]","[312.34, 317.75]",253.29,301.45,226.44,304.22,752883.32
2023-07-14,None,"[265.61, 267.29]","[311.51, 320.41]",217.75,314.66,237.32,282.29,1977397.05
2023-07-15,LONG,"[262.62, 267.77]","[316.89, 318.34]",256.94,306.26,196.44,252.42,866376.61
2023-07-16,SHORT,"[269.91, 270.49]","[313.39, 314.0]",299.56,317.75,239.34,291.04,439215.42
2023-07-19,None,"[266.04, 268.71]","[319.8, 321.43]",257.51,300.6,246.46,208.35,1188109.27
2023-07-20,None,"[268.29, 270.77]","[317.51, 318.59]",231.15,309.62,208.61,279.67,1187909.97
2023-07-21,None,"[268.2, 269.63]","[321.68, 321.68]",269.5,301.37,199.61,269.85,1845029.88
2023-07-22,SHORT,"[270.14, 272.37]","[320.1, 322.21]",276.77,302.32,185.67,251.74,385522.51
2023-07-23,SHORT,"[269.17, 272.63]","[326.38, 326.52]",205.45,305.94,185.0,275.94,656468.26
2023-07-26,SHORT,"[273.14, 273.73]","[326.33, 327.16]",250.51,309.98,224.61,302.39,1633463.07
2023-07-27,SHORT,"[272.43, 274.07]","[320.82, 329.05]",299.57,305.65,209.33,292.51,570940.38
2023-07-28,SHORT,"[272.98, 277.49]","[326.4, 327.54]",224.29,319.78,241.91,210.81,1154171.43
2023-07-29,SHORT,"[273.14, 281.38]","[327.54, 331.3]",297.94,305.21,241.02,201.18,817024.49
2023-07-30,None,"[279.72, 282.53]","[325.23, 332.52]",258.82,305.69,186.31,275.49,1311525.08
2023-08-02,SHORT,"[279.35, 279.67]","[327.52, 328.61]",208.95,314.05,189.66,201.39,236573.63
2023-08-03,SHORT,"[277.73, 284.19]","[331.39, 331.75]",269.74,307.66,221.27,299.52,925013.18
2023-08-04,SHORT,"[279.25, 283.72]","[330.55, 333.98]",281.24,303.08,240.19,250.59,399068.43
2023-08-05,None,"[283.22, 284.31]","[328.63, 336.73]",259.59,317.84,234.14,223.02,1954256.01
2023-08-06,SHORT,"[282.16, 284.58]","[328.18, 336.33]",267.88,312.41,205.49,283.41,108960.31
2023-08-09,None,"[284.26, 286.8]","[329.41, 334.11]",261.59,314.84,215.94,245.65,308692.39
2023-08-10,None,"[282.08, 289.12]","[330.03, 333.28]",218.47,313.78,248.51,253.71,1404921.09
2023-08-11,None,"[283.9, 286.31]","[331.53, 339.12]",248.15,302.62,215.73,282.74,1165325.82
2023-08-12,None,"[285.19, 291.73]","[335.17, 335.26]",201.02,300.5,219.38,242.54,702648.04
2023-08-13,None,"[283.07, 291.52]","[337.02, 342.54]",266.04,310.76,246.02,226.82,110391.37
2023-08-16,None,"[284.23, 287.63]","[336.19, 336.67]",276.58,303.26,184.21,305.77,1041189.13
2023-08-17,None,"[288.27, 288.88]","[338.25, 339.9]",263.84,318.72,237.85,254.09,697271.24
2023-08-18,None,"[293.24, 295.45]","[339.24, 344.93]",211.64,314.01,211.45,279.97,1899899.45
2023-08-19,None,"[291.5, 291.97]","[338.61, 344.31]",295.66,313.59,244.5,201.03,1744453.38
2023-08-20,None,"[289.08, 293.12]","[340.21, 343.23]",294.36,318.8,183.09,212.53,591616.77
2023-08-30,None,"[290.82, 294.9]","[341.42, 341.43]",295.98,303.7,192.83,265.1,1431629.55
2023-08-31,None,"[293.15, 298.52]","[344.91, 348.24]",284.27,308.68,183.37,234.66,1480326.28
2023-09-01,None,"[291.33, 291.55]","[345.02, 347.0]",263.26,304.86,184.76,303.02,1383501.53
2023-09-03,None,"[293.94, 295.14]","[343.21, 344.35]",224.78,313.74,210.24,229.09,1476855.37
2023-09-07,SHORT,"[296.17, 298.76]","[344.7, 346.87]",218.99,312.5,244.34,309.37,1391492.38
2023-09-08,SHORT,"[295.92, 302.87]","[353.84, 353.87]",270.95,312.95,191.58,219.49,265850.43
2023-09-09,None,"[296.44, 301.36]","[346.28, 348.77]",259.76,319.69,247.05,213.37,1828567.51
2023-09-10,SHORT,"[298.22, 302.09]","[348.08, 350.81]",265.49,314.15,222.0,208.21,1329587.62
2023-09-13,None,"[302.64, 304.58]","[348.46, 352.58]",274.59,304.6,216.02,220.03,1235122.85
2023-09-14,SHORT,"[298.11, 303.51]","[349.22, 356.84]",208.07,319.74,235.43,237.0,801789.16
2023-09-15,None,"[299.63, 305.71]","[349.31, 355.38]",212.87,316.65,211.37,268.51,1094946.11
2023-09-16,None,"[305.68, 308.07]","[351.05, 359.1]",252.57,302.69,202.17,270.22,426272.77
2023-09-17,None,"[305.93, 308.51]","[355.66, 356.78]",207.59,306.13,220.69,262.53,973183.62
2023-09-20,None,"[305.1, 310.51]","[357.28, 361.76]",219.48,318.85,209.5,272.67,1709939.88
2023-09-21,SHORT,"[309.25, 309.42]","[355.59, 356.23]",249.8,313.24,184.02,218.13,329528.58
2023-09-22,SHORT,"[310.55, 311.66]","[358.72, 358.85]",250.07,305.74,247.58,200.69,1471924.88
2023-09-23,None,"[307.93, 313.99]","[356.46, 360.4]",240.75,300.42,191.81,273.98,316991.45
2023-09-24,None,"[307.54, 308.01]","[359.84, 365.61]",250.24,315.42,203.91,264.32,529443.1
2023-09-27,None,"[308.73, 313.02]","[360.81, 363.24]",224.66,306.69,184.26,266.19,178552.44
2023-09-28,None,"[314.44, 316.43]","[360.5, 366.82]",235.57,317.61,222.72,268.69,676655.71
2023-09-29,None,"[316.8, 318.87]","[359.25, 362.79]",225.28,304.14,202.05,268.4,1775238.99
2023-09-30,LONG,"[311.13, 311.94]","[362.86, 365.94]",286.95,318.23,204.14,257.58,208341.1
2023-10-01,None,"[315.25, 317.01]","[364.76, 365.27]",295.48,303.36,217.25,239.1,529451.67
2023-10-04,None,"[313.1, 317.64]","[364.49, 370.63]",265.66,304.82,246.54,225.59,271990.44
2023-10-05,None,"[317.88, 318.65]","[368.92, 370.86]",252.36,314.67,216.7,307.73,333382.69
2023-10-06,None,"[320.22, 321.06]","[366.91, 371.14]",258.52,300.71,241.35,222.37,978607.49
2023-10-07,None,"[316.47, 319.05]","[370.64, 372.63]",247.07,310.17,239.84,211.59,330222.3
2023-10-08,LONG,"[318.99, 325.63]","[368.21, 373.14]",295.27,309.63,216.8,249.87,1969772.05
2023-10-11,None,"[318.75, 326.32]","[375.05, 375.94]",260.21,309.08,184.58,211.51,111258.15
2023-10-12,LONG,"[323.6, 323.91]","[371.85, 377.67]",262.64,316.58,221.32,300.56,1670910.01
2023-10-13,None,"[319.39, 322.17]","[372.12, 376.55]",222.85,309.38,185.74,274.63,753874.8
2023-10-14,None,"[326.07, 328.4]","[374.95, 378.57]",299.11,318.01,220.92,255.75,1534967.79
2023-10-15,SHORT,"[321.38, 325.88]","[373.7, 380.78]",221.63,316.22,197.96,269.6,1834410.87
2023-10-18,None,"[325.08, 325.1]","[378.76, 379.23]",241.41,319.88,229.09,284.9,1047227.95
2023-10-19,None,"[329.16, 331.82]","[377.6, 381.36]",218.31,316.47,215.0,240.19,281896.56
2023-10-20,LONG,"[324.69, 332.14]","[374.1, 380.7]",294.88,308.69,221.67,217.93,1255749.28
2023-10-21,None,"[329.3, 330.79]","[378.68, 379.73]",258.71,319.82,194.89,255.81,405488.33
2023-10-22,None,"[331.27, 333.27]","[379.2, 382.69]",289.55,307.05,229.26,251.63,965075.61
2023-10-25,None,"[329.89, 330.68]","[382.49, 384.95]",203.5,319.1,233.48,234.08,1033726.84
2023-10-26,SHORT,"[333.16, 335.31]","[382.53, 387.41]",243.67,314.59,227.01,259.47,1778352.17
2023-10-27,LONG,"[336.04, 338.52]","[383.37, 389.0]",277.59,313.72,234.11,229.15,1897483.99
2023-10-28,LONG,"[333.24, 337.46]","[384.08, 389.34]",274.28,319.23,238.03,280.53,573674.21
2023-10-29,None,"[335.24, 339.56]","[385.27, 389.91]",227.86,317.66,226.3,263.2,1037912.24
2023-11-01,LONG,"[332.62, 338.41]","[383.3, 383.3]",238.78,300.65,228.74,243.9,258712.61
2023-11-02,LONG,"[333.59, 334.97]","[384.61, 391.08]",219.81,313.46,199.5,283.37,601351.12
2023-11-03,LONG,"[336.22, 339.64]","[385.13, 389.67]",210.25,307.35,225.79,279.97,278403.8
2023-11-04,LONG,"[341.33, 342.71]","[388.14, 392.79]",242.16,303.64,237.73,264.48,964258.09
2023-11-05,LONG,"[342.97, 344.5]","[389.7, 393.7]",217.66,305.84,234.78,252.24,1076123.65
2023-11-08,SHORT,"[338.83, 339.83]","[389.15, 394.35]",294.48,304.05,192.83,213.92,1598470.69
2023-11-09,None,"[345.63, 346.76]","[390.58, 397.59]",258.77,300.9,237.44,267.57,1116180.57
2023-11-10,None,"[340.56, 343.87]","[392.47, 393.9]",295.28,318.92,236.16,256.43,1990163.18
2023-11-11,SHORT,"[345.34, 347.24]","[390.61, 393.78]",214.2,318.97,229.74,255.05,1730429.67
2023-11-12,None,"[343.29, 346.79]","[395.96, 400.37]",285.63,316.28,211.86,290.24,1471752.13
2023-11-15,LONG,"[348.21, 349.19]","[392.54, 393.41]",202.42,304.06,239.04,206.46,1532308.19
2023-11-16,SHORT,"[345.53, 346.8]","[393.04, 402.19]",218.18,316.33,234.22,274.74,1147129.55
2023-11-17,SHORT,"[345.99, 351.94]","[396.45, 397.37]",217.85,309.07,227.99,215.54,696566.92
2023-11-18,LONG,"[247.08, 249.75]","[295.35, 298.0]",299.76,303.81,214.91,276.83,1357155.25
2023-11-19,LONG,"[246.29, 253.11]","[300.2, 301.01]",246.03,318.14,235.96,225.17,874874.53
2023-11-22,None,"[251.82, 256.34]","[298.92, 302.32]",233.32,309.51,213.03,208.0,590348.91
2023-11-23,LONG,"[252.25, 253.21]","[304.58, 305.96]",214.22,306.36,246.5,226.78,1738432.05
2023-11-24,LONG,"[251.58, 254.44]","[301.9, 306.91]",274.71,302.74,207.88,227.74,911853.81
2023-11-25,LONG,"[251.02, 252.61]","[301.43, 301.7]",226.59,306.9,222.9,231.7,141659.16
2023-11-29,None,"[255.87, 256.22]","[302.48, 309.77]",265.1,316.9,192.46,263.07,1147845.77
2023-11-30,LONG,"[252.41, 261.97]","[306.9, 309.36]",295.71,301.48,219.58,241.33,506128.77
2023-12-01,LONG,"[253.34, 256.98]","[305.51, 305.87]",294.69,315.79,227.29,261.13,558796.58
2023-12-02,LONG,"[258.31, 261.34]","[311.24, 312.35]",248.01,317.19,190.82,290.85,494048.5
2023-12-03,LONG,"[259.27, 261.38]","[309.54, 311.9]",246.36,311.17,185.65,261.35,527326.39
2023-12-06,LONG,"[260.27, 263.68]","[306.33, 315.69]",237.53,313.38,217.82,222.47,1283583.66
2023-12-07,None,"[260.21, 261.23]","[307.81, 315.59]",206.68,319.93,213.44,213.81,190772.32
2023-12-08,LONG,"[259.94, 264.94]","[312.81, 315.31]",212.33,314.66,231.59,234.57,233223.8
2023-12-09,LONG,"[262.81, 266.24]","[313.82, 314.98]",235.85,317.17,217.42,218.43,1642986.86
2023-12-10,None,"[267.32, 269.06]","[311.66, 314.88]",265.98,312.53,204.41,236.78,158917.96
2023-12-13,None,"[264.2, 269.38]","[314.17, 317.29]",237.12,317.87,183.81,293.47,1880351.71
2023-12-14,LONG,"[264.07, 265.96]","[317.53, 318.78]",247.19,309.99,199.31,306.05,700269.84
2023-12-15,LONG,"[270.29, 272.43]","[316.9, 321.05]",201.92,318.02,242.65,238.43,142631.88
2023-12-16,LONG,"[270.17, 271.07]","[317.02, 317.87]",233.5,310.29,234.85,203.24,1779323.28
2023-12-17,LONG,"[269.81, 273.59]","[319.82, 324.53]",282.82,319.3,180.86,221.34,1729477.9
2023-12-20,LONG,"[268.22, 270.07]","[322.32, 324.3]",236.17,300.31,195.74,246.39,314266.53
2023-12-21,None,"[268.86, 271.05]","[323.79, 323.88]",220.96,311.52,204.85,281.58,1597972.77
2023-12-22,LONG,"[271.52, 274.16]","[318.51, 325.33]",298.66,313.03,186.73,248.24,224672.2
2023-12-23,LONG,"[271.24, 276.14]","[325.9, 327.16]",207.65,306.74,245.8,220.48,1362397.28
2023-12-24,LONG,"[272.16, 273.54]","[320.01, 320.37]",204.83,313.04,220.71,301.68,592046.69
2023-12-28,None,"[276.75, 278.6]","[326.22, 328.58]",270.36,312.3,188.22,278.06,1297683.47
2023-12-29,LONG,"[273.45, 273.96]","[323.93, 323.96]",216.89,304.62,206.05,267.79,764194.6
2023-12-30,None,"[274.36, 277.63]","[327.41, 329.25]",285.44,310.53,231.44,204.39,1945623.14
2023-12-31,None,"[281.74, 284.0]","[326.34, 329.29]",293.39,316.78,221.97,202.73,1559521.69
2024-01-04,None,"[278.11, 278.55]","[326.64, 329.91]",209.86,317.19,206.52,259.23,1975978.52
2024-01-05,LONG,"[281.09, 284.66]","[326.36, 334.9]",282.27,309.57,206.97,277.69,957403.86
2024-01-06,None,"[286.44, 286.68]","[333.12, 334.93]",215.33,305.0,224.49,251.18,1325563.93
2024-01-07,None,"[280.53, 282.2]","[332.62, 333.03]",270.89,310.57,189.96,265.14,1682985.79
2024-01-10,None,"[283.6, 285.49]","[333.25, 336.09]",273.83,306.67,215.29,240.41,1637868.76
2024-01-11,None,"[283.35, 283.81]","[335.06, 338.47]",219.62,301.42,188.94,294.15,802664.57
2024-01-12,LONG,"[289.5, 289.71]","[332.28, 339.01]",210.41,319.56,213.73,203.92,683656.6
2024-01-13,None,"[282.74, 283.04]","[332.51, 337.19]",249.93,302.35,214.33,216.82,512830.82
2024-01-14,None,"[289.18, 291.11]","[333.05, 339.1]",249.82,305.05,190.14,302.65,895881.55
2024-01-18,None,"[286.53, 290.35]","[334.39, 335.96]",242.5,308.74,204.56,249.57,452925.64
2024-01-19,LONG,"[288.1, 293.87]","[337.69, 338.04]",206.31,310.94,195.98,206.75,404122.7
2024-01-20,None,"[288.17, 292.95]","[342.07, 343.8]",226.45,300.73,202.05,275.27,270959.24
2024-01-21,None,"[291.46, 292.65]","[340.17, 346.07]",250.55,302.41,226.66,214.42,1832164.68
2024-01-24,None,"[293.38, 293.93]","[341.14, 341.6]",276.66,311.15,223.41,223.81,1192189.36
2024-01-25,None,"[289.93, 291.76]","[341.93, 345.68]",285.36,303.2,202.67,277.82,585338.45
2024-01-26,None,"[294.56, 296.99]","[343.99, 349.36]",212.86,311.59,193.01,220.84,739118.75
2024-01-27,SHORT,"[295.2, 296.82]","[341.5, 347.91]",220.88,318.14,186.42,265.57,1863359.58
2024-01-28,LONG,"[297.68, 300.08]","[347.26, 347.71]",215.25,300.44,223.64,300.37,1648823.37
2024-01-31,None,"[295.49, 302.94]","[349.06, 350.75]",239.44,307.6,191.8,222.5,994470.56
2024-02-01,LONG,"[296.2, 301.39]","[344.37, 351.57]",202.81,303.96,244.0,242.39,1123519.91
2024-02-02,LONG,"[298.24, 303.47]","[346.16, 354.7]",216.95,316.91,206.34,212.32,1614422.58
2024-02-03,LONG,"[303.36, 305.77]","[350.87, 353.48]",267.33,309.04,186.54,252.07,1826544.81
2024-02-04,None,"[302.33, 304.3]","[349.35, 355.84]",281.1,309.55,196.52,201.99,103171.24
2024-02-07,LONG,"[299.99, 304.98]","[348.83, 348.96]",265.61,302.54,209.86,214.57,1554465.84
2024-02-08,LONG,"[303.57, 306.23]","[353.59, 354.47]",245.91,315.5,193.37,261.45,1418875.08
2024-02-09,LONG,"[304.38, 308.94]","[353.06, 356.63]",293.77,312.69,205.73,279.6,419672.73
2024-02-10,None,"[305.6, 309.81]","[356.26, 358.93]",243.83,309.79,183.69,275.17,965162.51
2024-02-11,LONG,"[304.24, 311.08]","[353.45, 354.84]",260.95,313.9,183.67,218.73,1502072.5
2024-02-14,LONG,"[303.16, 303.76]","[354.68, 356.51]",238.36,313.35,221.19,240.23,884182.87
2024-02-15,LONG,"[309.35, 313.68]","[357.8, 363.0]",212.64,316.19,220.21,250.91,554305.78
2024-02-16,LONG,"[312.36, 313.03]","[359.62, 361.69]",276.1,319.81,209.97,219.9,849708.16
2024-02-17,LONG,"[309.42, 311.37]","[360.12, 365.36]",287.26,307.95,228.85,213.84,1956332.61
2024-02-18,LONG,"[307.5, 313.82]","[357.09, 358.91]",225.76,316.56,244.37,240.72,1917499.95
2024-02-22,None,"[308.09, 311.92]","[363.86, 365.77]",273.4,317.71,234.45,264.89,1178484.08
2024-02-23,None,"[316.45, 318.89]","[362.02, 362.54]",207.87,318.79,239.82,206.07,1594612.69
2024-02-24,LONG,"[312.34, 312.43]","[363.13, 366.42]",250.64,317.27,184.79,308.68,1612466.03
2024-02-25,None,"[318.36, 320.14]","[367.96, 369.04]",261.86,317.03,230.37,271.59,1121822.97
2024-02-28,LONG,"[317.64, 321.95]","[365.6, 369.3]",209.14,305.61,181.97,219.02,1583107.89
2024-02-29,None,"[313.7, 318.3]","[364.8, 364.85]",250.74,315.85,243.71,234.54,1824815.62
2024-03-01,None,"[316.34, 319.01]","[368.72, 372.33]",212.28,317.74,214.33,204.68,1608542.64
2024-03-02,None,"[317.39, 321.5]","[366.33, 373.19]",291.8,302.02,220.77,228.02,1866462.06
2024-03-03,None,"[316.64, 320.98]","[366.01, 371.88]",269.61,317.78,213.89,254.8,427642.64
2024-03-06,None,"[319.62, 325.98]","[369.12, 376.36]",278.03,317.83,215.78,286.21,1651856.82
2024-03-07,None,"[323.91, 327.3]","[373.03, 376.93]",253.5,310.44,213.26,262.01,807273.52
2024-03-08,None,"[322.1, 323.98]","[372.08, 377.47]",215.33,303.1,235.96,304.39,523991.54
2024-03-09,None,"[322.95, 323.05]","[372.36, 376.37]",224.9,308.33,213.49,306.73,651765.69
2024-03-10,None,"[323.51, 325.35]","[375.34, 378.11]",281.48,307.27,192.56,265.03,1927266.28
2024-03-13,None,"[326.89, 328.55]","[372.53, 373.72]",244.33,314.99,197.65,245.31,1228731.4
2024-03-14,None,"[327.14, 332.37]","[377.67, 382.73]",234.62,316.31,222.65,279.6,287650.99
2024-03-15,None,"[327.76, 331.9]","[381.21, 382.16]",200.13,307.17,243.2,251.0,292193.82
2024-03-16,SHORT,"[326.43, 332.34]","[375.77, 383.91]",223.62,305.35,244.26,209.96,1501198.42
2024-03-17,SHORT,"[329.54, 333.14]","[380.03, 385.6]",252.87,317.55,229.15,233.85,1357878.46
2024-03-20,None,"[332.97, 334.9]","[382.48, 384.08]",214.38,310.49,224.4,293.18,1172614.74
2024-03-21,None,"[333.35, 335.25]","[381.14, 383.99]",280.78,304.31,184.8,256.14,114380.47
2024-03-22,None,"[332.58, 334.37]","[383.58, 387.36]",230.27,309.68,216.62,247.21,106375.75
2024-03-23,None,"[332.68, 336.9]","[382.56, 385.08]",264.18,313.88,206.29,306.92,1018849.25
2024-03-24,SHORT,"[333.11, 340.09]","[388.22, 390.04]",276.22,315.55,242.74,253.54,1041124.57
2024-03-27,None,"[338.94, 339.69]","[390.53, 390.89]",286.79,319.27,202.59,306.86,576399.72
2024-03-28,None,"[337.14, 337.15]","[390.87, 392.03]",298.48,306.16,196.31,211.84,875856.67
2024-03-29,LONG,"[334.15, 341.22]","[391.6, 392.63]",228.58,316.98,221.68,241.21,1435961.47
2024-03-30,None,"[341.32, 343.85]","[392.02, 393.27]",292.0,310.3,220.98,259.03,157913.53
2024-04-03,None,"[336.06, 336.99]","[392.87, 394.67]",277.85,313.39,221.95,284.66,1913259.82
2024-04-04,None,"[338.4, 340.21]","[391.48, 394.41]",287.15,305.4,220.77,222.19,1841214.73
2024-04-05,None,"[341.15, 341.99]","[390.55, 390.78]",270.66,311.94,249.05,279.91,676081.07
2024-04-06,None,"[340.93, 346.42]","[389.98, 395.62]",291.3,305.48,226.2,279.21,158090.09
2024-04-07,None,"[344.43, 348.75]","[394.36, 399.9]",201.48,306.69,203.88,273.98,1692003.6
2024-04-10,None,"[345.02, 349.65]","[392.25, 394.06]",224.67,319.89,200.49,309.57,1017417.62
2024-04-11,LONG,"[343.27, 345.25]","[395.3, 399.85]",208.65,303.88,213.16,221.27,1632560.59
2024-04-12,None,"[345.87, 348.03]","[396.64, 397.29]",253.71,318.75,188.97,220.09,1735557.61
2024-04-13,None,"[347.05, 353.66]","[395.16, 400.76]",278.93,308.34,230.17,228.35,1519225.5
2024-04-14,None,"[249.87, 252.43]","[296.29, 299.54]",224.74,307.89,218.48,215.79,259713.65
2024-04-17,None,"[248.76, 249.64]","[297.53, 297.9]",231.89,313.99,248.88,214.67,1407761.7
2024-04-18,None,"[254.29, 255.08]","[298.61, 304.43]",273.05,315.1,223.51,274.29,408458.46
2024-04-19,None,"[249.33, 252.28]","[303.38, 306.25]",244.66,317.96,182.62,223.42,1178876.22
2024-04-20,None,"[249.66, 256.39]","[303.65, 303.95]",228.35,300.58,244.33,285.01,1406688.4
2024-04-21,None,"[252.39, 253.73]","[301.87, 302.5]",257.48,306.08,195.81,287.04,446826.41
2024-04-24,None,"[253.67, 255.71]","[305.68, 308.12]",207.58,314.93,198.78,271.28,390273.02
2024-04-25,None,"[254.54, 257.54]","[302.03, 310.09]",261.35,302.12,227.59,218.72,1993861.89
2024-04-26,LONG,"[256.65, 262.09]","[310.42, 311.2]",208.71,314.14,198.89,225.82,1756474.25
2024-04-27,LONG,"[261.79, 262.24]","[310.7, 311.43]",282.3,306.96,224.2,257.13,1572821.74
2024-04-28,None,"[255.98, 260.08]","[310.78, 312.25]",269.04,305.94,244.01,206.19,761503.51
2024-05-01,LONG,"[259.33, 259.54]","[310.74, 312.45]",251.78,313.32,239.36,257.3,557079.95
2024-05-02,LONG,"[258.39, 264.16]","[311.2, 313.44]",285.27,304.64,196.03,300.45,621614.93
2024-05-03,LONG,"[258.88, 264.67]","[310.15, 318.0]",285.41,304.24,199.96,222.62,492029.87
2024-05-04,None,"[261.08, 265.69]","[312.51, 314.11]",242.32,311.1,223.0,263.93,1519296.94
2024-05-05,SHORT,"[260.99, 268.29]","[311.0, 313.72]",219.37,316.28,243.69,255.92,246530.73
2024-05-08,SHORT,"[261.92, 267.94]","[315.66, 315.93]",243.71,319.04,202.14,210.79,1558281.5
2024-05-09,SHORT,"[263.81, 271.11]","[312.06, 313.25]",234.96,313.43,211.65,228.32,1222605.62
2024-05-10,LONG,"[263.07, 271.47]","[314.85, 322.73]",295.43,309.69,225.14,299.03,822657.84
2024-05-11,LONG,"[269.57, 272.94]","[318.51, 323.71]",233.28,315.71,211.17,288.62,1893592.36
2024-05-12,None,"[267.39, 269.8]","[315.83, 322.49]",288.61,319.62,185.97,201.27,1035396.34
2024-05-15,LONG,"[272.69, 274.46]","[319.25, 319.47]",201.23,315.04,183.06,288.17,702764.13
2024-05-16,LONG,"[269.93, 271.4]","[317.82, 324.29]",255.94,319.22,191.55,264.4,338532.2
2024-05-17,None,"[272.18, 275.63]","[321.71, 323.21]",244.15,305.51,204.23,276.4,1661386.93
2024-05-18,None,"[272.17, 276.08]","[325.53, 326.59]",256.27,314.82,235.7,211.6,1810406.94
2024-05-19,LONG,"[271.35, 275.92]","[321.53, 329.58]",289.14,312.44,238.36,244.87,569679.39
2024-05-22,None,"[275.22, 276.6]","[322.34, 322.45]",271.64,319.28,241.49,296.41,169957.15
2024-05-23,LONG,"[274.48, 279.94]","[325.17, 330.06]",217.03,300.11,207.14,219.84,1450746.01
2024-05-24,LONG,"[273.63, 277.05]","[323.02, 325.4]",213.43,304.66,206.64,265.76,1631439.53
2024-05-25,SHORT,"[275.74, 277.22]","[332.23, 332.62]",209.85,310.61,202.3,303.47,1549660.31
2024-05-26,None,"[280.11, 283.8]","[325.9, 332.38]",255.13,310.66,218.99,256.61,1643543.46
2024-05-30,None,"[276.49, 278.12]","[331.78, 333.77]",206.98,317.9,221.2,204.69,1220588.76
2024-05-31,None,"[280.18, 284.54]","[327.44, 331.88]",217.56,318.38,200.44,297.76,105500.81
2024-06-01,None,"[279.66, 279.78]","[333.15, 337.91]",265.81,303.27,200.14,273.76,1695807.41
2024-06-02,None,"[280.38, 281.11]","[335.22, 337.14]",291.98,310.28,237.2,296.36,588810.87
2024-06-05,None,"[280.41, 280.53]","[333.66, 338.08]",268.1,314.4,235.22,222.34,1940842.14
2024-06-06,SHORT,"[286.36, 289.46]","[334.7, 338.3]",272.59,314.86,227.93,214.65,811624.44
2024-06-07,None,"[283.93, 285.92]","[337.87, 339.52]",280.08,316.78,233.65,291.79,305708.81
2024-06-08,None,"[284.8, 288.11]","[337.94, 340.07]",292.16,306.35,223.19,219.75,1370856.23
2024-06-09,None,"[284.78, 286.28]","[334.5, 334.73]",226.09,308.59,244.26,309.09,234458.61
2024-06-12,None,"[289.04, 290.33]","[341.4, 342.09]",235.58,304.17,202.08,301.45,1834240.37
2024-06-13,None,"[288.36, 293.18]","[341.62, 345.03]",203.97,300.85,181.39,228.05,1823785.36
2024-06-14,None,"[291.04, 296.01]","[345.01, 346.49]",267.92,319.8,202.37,307.52,1153152.72
2024-06-15,LONG,"[288.5, 293.59]","[342.66, 342.92]",259.54,317.88,222.97,210.66,1078848.86
2024-06-16,LONG,"[292.57, 293.97]","[340.35, 341.65]",217.47,314.9,247.89,221.84,1941434.65
2024-06-19,LONG,"[291.29, 297.51]","[345.05, 348.87]",250.1,304.36,198.04,296.38,1631383.14
2024-06-20,LONG,"[291.14, 293.37]","[342.92, 347.02]",283.08,313.75,229.76,245.83,1256848.77
2024-06-22,LONG,"[295.86, 296.32]","[349.39, 349.74]",241.28,306.27,191.71,263.73,1683146.41
2024-06-23,LONG,"[295.99, 301.88]","[347.5, 352.52]",244.23,310.84,248.24,240.0,1536718.85
2024-06-26,LONG,"[296.2, 301.97]","[347.45, 351.95]",255.32,310.74,208.35,244.82,695303.41
2024-06-27,LONG,"[295.26, 295.44]","[346.1, 348.78]",298.86,304.32,219.72,222.75,1252420.75
2024-06-28,SHORT,"[298.64, 302.32]","[346.44, 349.12]",248.73,312.51,244.03,296.61,125435.6
2024-06-29,None,"[299.68, 306.7]","[354.46, 355.74]",210.17,312.89,229.86,247.29,944198.06
2024-06-30,None,"[300.55, 305.55]","[353.77, 355.36]",242.19,309.36,222.06,213.29,1489388.9
2024-07-03,None,"[304.35, 308.34]","[350.03, 350.62]",235.56,317.53,247.77,251.79,1519945.5
2024-07-04,None,"[305.02, 307.76]","[354.58, 356.33]",295.04,318.43,220.71,248.58,218820.18
2024-07-04,None,"[302.83, 303.7]","[355.93, 358.2]",259.65,305.03,207.6,291.84,1948076.22
2024-07-07,None,"[302.18, 311.18]","[359.94, 361.61]",297.69,310.99,189.66,243.66,479457.09
2024-07-10,None,"[304.1, 310.6]","[359.82, 360.54]",272.84,305.92,246.93,220.93,780648.82
2024-07-11,None,"[312.57, 312.84]","[356.32, 360.85]",228.38,308.23,242.24,282.97,907014.18
2024-07-12,None,"[305.44, 307.3]","[357.52, 363.86]",262.39,318.56,219.95,246.33,178684.01
2024-07-13,SHORT,"[308.04, 314.81]","[359.14, 365.28]",251.48,319.08,189.72,226.0,873614.74
2024-07-14,SHORT,"[313.07, 314.45]","[360.4, 363.86]",249.22,301.31,204.91,288.91,496049.99
2024-07-17,None,"[313.11, 317.46]","[365.46, 368.0]",288.3,315.9,213.11,256.97,1258635.77
2024-07-18,None,"[311.46, 315.45]","[362.03, 367.88]",217.62,309.22,200.76,257.09,1839770.43
2024-07-19,None,"[317.06, 318.64]","[363.31, 368.93]",242.71,306.56,225.02,300.84,100027.61
2024-07-20,SHORT,"[313.78, 320.77]","[362.31, 368.51]",203.18,308.75,197.96,274.48,1571413.98
2024-07-21,SHORT,"[317.07, 319.35]","[363.27, 368.35]",240.95,317.1,245.19,286.9,1494801.46
2024-07-24,None,"[318.7, 321.29]","[363.9, 370.84]",240.91,312.77,206.62,287.42,934422.29
2024-07-25,None,"[319.21, 321.69]","[365.84, 372.47]",221.52,314.42,223.36,202.85,1016173.25
2024-07-26,LONG,"[316.98, 323.62]","[365.69, 369.46]",277.68,319.73,191.88,294.22,1104105.88
2024-07-27,None,"[322.33, 324.49]","[370.37, 375.28]",281.84,309.99,192.25,307.54,1382098.97
2024-07-28,None,"[319.48, 324.33]","[367.83, 370.46]",295.43,302.01,244.36,299.35,788010.45
2024-07-31,None,"[318.85, 321.41]","[372.04, 375.34]",245.97,318.36,201.1,231.4,1990830.44
2024-08-01,None,"[326.98, 327.17]","[373.6, 377.35]",281.33,301.51,239.6,300.19,1117753.25
2024-08-02,LONG,"[323.38, 327.66]","[371.55, 379.48]",260.13,301.11,193.02,299.14,1311307.17
2024-08-03,None,"[322.35, 328.49]","[372.58, 374.18]",288.28,308.03,194.43,300.59,1581562.82
2024-08-04,LONG,"[322.38, 330.72]","[377.92, 381.21]",201.38,309.78,196.69,203.74,1876452.28
2024-08-07,SHORT,"[323.13, 323.98]","[373.82, 380.31]",215.44,301.95,243.04,241.67,103445.38
2024-08-08,SHORT,"[325.22, 331.79]","[378.26, 379.78]",220.55,304.18,246.48,295.05,1890194.6
2024-08-09,SHORT,"[326.63, 333.03]","[376.69, 380.3]",208.87,300.49,217.88,293.25,860389.1
2024-08-10,None,"[326.72, 335.1]","[379.37, 381.97]",227.41,307.75,239.55,229.56,1562144.86
2024-08-11,None,"[332.62, 334.53]","[377.49, 385.17]",299.02,302.61,226.2,283.25,437403.85
2024-08-14,SHORT,"[328.39, 332.11]","[386.16, 386.17]",221.82,305.9,192.82,307.83,1748089.62
2024-08-15,None,"[333.08, 337.67]","[380.9, 387.69]",290.17,305.46,216.1,202.8,1846212.02
2024-08-16,LONG,"[337.6, 338.6]","[384.15, 389.57]",296.39,304.7,194.54,207.84,664909.52
2024-08-17,None,"[337.29, 337.74]","[381.1, 382.77]",275.89,319.39,248.01,258.92,1438477.42
2024-08-18,None,"[333.37, 334.06]","[385.93, 389.76]",287.18,302.51,185.78,239.95,1607081.94
2024-08-21,LONG,"[335.2, 342.61]","[385.53, 387.02]",287.62,305.8,224.46,221.75,1112622.93
2024-08-22,None,"[334.11, 338.46]","[392.18, 393.45]",273.8,310.15,182.99,307.86,1563024.71
2024-08-23,None,"[336.33, 341.4]","[385.27, 391.17]",270.93,317.39,248.16,213.97,1022054.53
2024-08-24,None,"[341.15, 345.58]","[389.8, 395.82]",284.13,308.6,213.12,287.42,1258618.92
2024-08-25,LONG,"[343.9, 344.14]","[390.42, 393.48]",276.93,316.3,208.24,309.7,1183115.7
2024-08-28,SHORT,"[344.02, 347.29]","[389.9, 396.63]",276.4,314.04,184.32,227.92,646069.21
2024-08-29,LONG,"[342.76, 345.64]","[391.58, 393.39]",211.19,301.58,197.56,243.09,1522786.16
2024-08-30,LONG,"[340.22, 345.74]","[390.94, 393.92]",278.22,312.51,194.34,242.35,1912700.0
2024-08-31,SHORT,"[346.59, 346.74]","[394.75, 396.8]",224.25,316.77,228.61,252.6,1345045.45
2024-09-01,LONG,"[347.51, 349.95]","[398.22, 399.18]",206.65,318.73,235.97,247.18,219525.47
2024-09-05,None,"[346.29, 348.3]","[395.71, 400.83]",239.76,309.66,239.55,242.67,1774560.86
2024-09-06,LONG,"[348.97, 351.23]","[398.1, 400.23]",218.12,303.32,204.57,273.32,1505291.75
2024-09-07,LONG,"[246.15, 246.62]","[298.49, 303.17]",237.11,315.69,187.47,216.82,1404392.66
2024-09-08,SHORT,"[248.05, 248.89]","[303.33, 304.07]",203.29,310.46,217.08,294.69,1240346.23
2024-09-11,None,"[249.36, 253.3]","[302.61, 306.83]",204.28,309.59,230.43,216.41,332363.36
2024-09-12,None,"[250.42, 251.41]","[305.55, 306.56]",253.88,300.29,192.04,229.95,1205839.76
2024-09-13,None,"[254.56, 256.1]","[305.19, 305.94]",287.68,303.23,203.08,278.54,367106.87
2024-09-14,None,"[255.39, 258.41]","[301.31, 308.14]",246.79,310.55,206.47,242.39,1820883.26
2024-09-15,None,"[256.7, 259.97]","[301.56, 305.28]",234.46,313.38,224.9,265.32,1400977.81
2024-09-18,None,"[253.47, 260.32]","[303.76, 307.19]",263.07,301.5,189.63,295.88,1522249.68
2024-09-19,None,"[259.92, 261.62]","[304.72, 310.51]",258.35,307.91,232.55,234.26,878222.48
2024-09-20,SHORT,"[259.81, 262.47]","[305.37, 307.32]",272.68,316.09,222.54,290.09,908178.69
2024-09-21,None,"[257.12, 261.9]","[305.78, 314.3]",237.27,307.66,187.67,282.78,640110.06
2024-09-22,None,"[256.94, 260.57]","[309.03, 313.15]",272.12,310.07,201.46,205.89,641381.88
2024-09-25,None,"[257.05, 262.28]","[313.25, 315.91]",242.74,313.25,218.0,301.39,621939.07
2024-09-26,None,"[266.87, 267.99]","[309.61, 313.99]",271.27,316.59,242.07,290.2,606249.31
2024-09-27,None,"[262.8, 268.4]","[309.63, 317.89]",240.81,305.47,210.12,260.09,665097.27
2024-09-28,SHORT,"[260.59, 261.06]","[319.63, 319.81]",226.28,318.82,195.33,200.38,1261103.16
2024-09-29,None,"[262.28, 270.19]","[312.98, 314.43]",267.52,311.19,198.26,229.43,1888641.68
2024-10-02,None,"[269.22, 270.71]","[318.44, 321.03]",209.58,300.73,185.3,235.33,867244.67
2024-10-03,None,"[264.23, 271.39]","[314.28, 316.55]",217.61,310.4,198.38,283.71,467562.43
2024-10-04,None,"[268.34, 270.42]","[315.19, 320.69]",266.88,300.92,203.71,244.42,1925132.31
2024-10-05,LONG,"[266.4, 271.42]","[315.99, 324.58]",203.13,309.06,203.08,298.39,273256.13
2024-10-06,LONG,"[268.37, 271.7]","[321.75, 322.73]",289.01,303.68,234.5,254.5,329266.83
2024-10-09,None,"[268.47, 274.63]","[321.33, 321.41]",237.44,304.03,185.47,239.59,189518.12
2024-10-10,None,"[269.81, 276.39]","[322.53, 324.93]",298.15,315.55,209.88,267.27,1571352.81
2024-10-11,None,"[273.03, 278.8]","[321.1, 321.31]",239.92,302.71,192.23,286.99,1124122.15
2024-10-12,SHORT,"[271.01, 278.13]","[327.1, 329.0]",293.32,318.96,219.14,273.48,466383.26
2024-10-13,SHORT,"[272.59, 278.74]","[322.12, 329.76]",268.27,318.27,247.07,237.04,1063110.43
2024-10-16,None,"[275.29, 276.34]","[324.45, 330.21]",263.74,310.92,213.62,251.09,1684585.96
2024-10-17,None,"[278.41, 278.54]","[324.56, 329.68]",251.92,305.41,214.18,298.52,1101640.14
2024-10-18,LONG,"[279.93, 281.37]","[325.62, 325.74]",255.59,317.38,191.09,253.09,994718.3
2024-10-19,SHORT,"[284.22, 284.74]","[327.75, 331.05]",290.33,318.56,204.85,261.7,288610.21
2024-10-20,SHORT,"[278.67, 279.24]","[327.37, 335.7]",247.51,300.77,218.78,218.35,1468743.78
2024-10-23,None,"[277.25, 284.91]","[328.51, 336.45]",271.63,317.88,188.57,292.01,1392247.18
2024-10-24,None,"[279.12, 279.14]","[329.84, 332.28]",220.88,300.14,235.35,270.67,350107.58
2024-10-25,None,"[281.39, 288.62]","[330.86, 337.57]",250.68,318.76,221.33,265.02,448663.32
2024-10-26,None,"[282.16, 284.49]","[333.09, 339.73]",216.87,318.81,209.73,284.1,675856.03
2024-10-27,None,"[283.36, 289.71]","[339.27, 340.19]",260.33,310.4,230.1,257.63,491789.16
2024-10-30,None,"[287.26, 288.21]","[334.09, 339.75]",242.73,317.39,189.35,213.88,382325.89
2024-10-31,SHORT,"[286.39, 287.9]","[337.47, 340.48]",210.79,312.92,228.54,291.53,804277.99
2024-11-01,SHORT,"[287.98, 289.34]","[334.82, 339.55]",235.37,310.72,191.19,208.91,920029.69
2024-11-02,None,"[285.91, 292.05]","[337.42, 340.88]",298.0,301.91,248.57,245.18,933629.91
2024-11-03,None,"[286.01, 287.15]","[338.4, 344.23]",225.57,306.34,240.48,292.46,1012450.6
2024-11-06,None,"[293.72, 296.42]","[340.69, 341.95]",271.65,319.19,210.23,265.09,553272.05
2024-11-07,None,"[296.98, 297.43]","[340.49, 346.39]",276.55,311.02,198.16,251.29,1097414.63
2024-11-08,LONG,"[292.73, 293.64]","[341.26, 345.85]",217.89,307.71,187.39,204.52,899453.62
2024-11-09,LONG,"[295.66, 296.63]","[341.69, 344.79]",206.95,314.87,180.19,274.04,1687394.17
2024-11-10,None,"[293.28, 299.57]","[342.84, 347.05]",266.41,316.83,242.99,229.99,962369.03
2024-11-13,None,"[295.07, 296.73]","[347.51, 349.91]",280.58,301.73,242.92,266.45,1275740.7
2024-11-14,None,"[302.72, 302.87]","[351.63, 351.82]",255.1,311.23,245.85,222.0,622771.07
2024-11-15,LONG,"[297.28, 303.9]","[346.19, 349.78]",252.31,310.2,244.8,201.06,1394436.38
2024-11-16,SHORT,"[300.23, 303.8]","[350.86, 354.27]",272.37,307.28,232.04,213.23,984268.83
2024-11-17,SHORT,"[298.97, 303.23]","[346.09, 352.2]",255.74,319.69,240.31,260.4,472926.93
2024-11-20,None,"[299.79, 303.62]","[349.04, 354.19]",272.83,310.79,190.39,301.1,937962.44
2024-11-21,LONG,"[299.6, 301.56]","[349.51, 354.3]",209.35,316.01,208.75,255.18,1685587.95
2024-11-22,LONG,"[299.22, 308.3]","[349.91, 352.29]",217.54,314.29,193.52,281.39,958214.73
2024-11-23,LONG,"[304.75, 306.97]","[357.81, 359.71]",292.75,313.08,207.25,282.11,506883.67
2024-11-24,LONG,"[303.4, 304.25]","[351.58, 352.2]",242.3,307.56,238.68,299.06,864693.78
2024-11-27,SHORT,"[302.65, 305.42]","[357.62, 361.78]",211.71,305.1,239.98,201.65,1920787.97
2024-11-28,None,"[304.55, 306.04]","[361.35, 361.67]",272.55,312.76,248.96,264.76,1053115.91
2024-11-29,SHORT,"[307.81, 309.95]","[357.72, 362.0]",258.78,313.56,188.99,273.25,154459.73
2024-12-01,None,"[305.79, 307.23]","[360.79, 363.56]",236.28,302.59,182.8,263.73,1900694.17
2024-12-04,None,"[308.87, 311.78]","[359.07, 359.5]",291.06,316.4,188.29,304.65,1882395.94
2024-12-05,LONG,"[312.49, 316.75]","[362.11, 364.53]",259.41,304.94,211.69,202.0,1301466.94
2024-12-06,LONG,"[308.26, 314.22]","[359.0, 367.55]",216.36,319.06,193.78,295.34,1447472.72
2024-12-07,None,"[311.58, 316.83]","[360.62, 368.32]",290.05,315.55,222.6,206.75,636182.17
2024-12-10,LONG,"[316.81, 319.13]","[361.19, 364.78]",229.06,319.95,212.73,273.98,753271.77
2024-12-11,None,"[317.52, 320.0]","[365.52, 369.63]",233.72,305.08,190.91,222.15,588485.6
2024-12-12,None,"[315.74, 321.55]","[368.2, 370.35]",289.16,314.54,248.48,253.84,1291252.35
2024-12-13,None,"[319.01, 319.95]","[365.51, 371.93]",248.17,319.97,209.58,232.87,477192.48
2024-12-14,LONG,"[317.23, 318.76]","[370.32, 372.43]",249.33,312.59,238.67,226.71,1384076.39
2024-12-15,None,"[322.12, 324.34]","[367.98, 368.38]",240.39,307.46,185.14,205.78,213236.93
2024-12-18,LONG,"[321.79, 324.19]","[374.72, 375.44]",261.54,319.88,200.36,239.51,1708814.05
2024-12-19,None,"[324.81, 325.73]","[369.82, 374.41]",227.94,311.72,187.52,239.58,1150297.99
2024-12-20,SHORT,"[323.6, 327.53]","[374.49, 376.35]",270.78,306.17,205.61,204.11,1043384.31
2024-12-21,None,"[320.03, 325.48]","[372.22, 375.4]",215.57,309.93,227.93,243.13,614217.11
2024-12-22,None,"[321.23, 329.51]","[373.69, 379.6]",200.89,318.08,242.9,263.46,352721.33
2024-12-25,LONG,"[326.36, 327.53]","[372.32, 372.93]",284.38,306.94,204.19,251.25,279923.42
2024-12-26,None,"[327.75, 328.17]","[372.24, 380.9]",293.97,301.4,239.53,211.08,892956.13
2024-12-28,None,"[327.94, 329.76]","[373.19, 378.66]",275.43,304.37,235.12,225.76,622558.54
2024-12-29,None,"[324.24, 330.23]","[374.55, 379.12]",228.67,303.37,231.23,265.76,1769926.63
2025-01-01,SHORT,"[328.61, 334.72]","[377.15, 379.15]",256.66,300.74,205.22,273.44,502538.27
2025-01-02,LONG,"[326.13, 333.95]","[379.39, 384.51]",279.14,312.09,193.28,284.2,1774029.03
2025-01-04,SHORT,"[331.93, 332.32]","[377.77, 380.8]",204.39,316.08,219.34,258.86,1623997.3
2025-01-05,None,"[334.15, 334.87]","[383.31, 387.74]",248.08,319.85,247.6,214.44,1549569.44
2025-01-08,None,"[336.86, 337.0]","[381.88, 387.24]",270.48,306.21,204.31,271.74,1935063.5
2025-01-09,SHORT,"[335.41, 339.89]","[383.58, 388.09]",200.73,304.6,184.44,220.08,963129.85
2025-01-10,LONG,"[332.54, 339.18]","[383.29, 390.85]",275.77,302.03,192.41,203.96,629688.2
2025-01-12,LONG,"[335.48, 339.72]","[385.77, 388.9]",288.22,315.93,237.52,243.22,1909931.53
2025-01-15,None,"[339.81, 340.28]","[390.56, 392.02]",221.7,302.75,186.24,224.2,864697.17
2025-01-16,None,"[337.74, 341.52]","[387.18, 387.46]",261.1,303.62,213.57,203.06,1355194.65
2025-01-17,LONG,"[339.46, 343.24]","[388.55, 389.73]",249.79,305.63,212.17,261.41,1003080.95
2025-01-18,LONG,"[339.52, 345.9]","[386.72, 391.42]",242.81,316.84,206.56,306.65,516217.5
2025-01-19,None,"[342.37, 346.71]","[391.15, 393.06]",212.01,304.44,208.11,239.69,936335.61
2025-01-23,None,"[339.38, 347.71]","[390.35, 396.65]",234.45,312.1,182.14,308.89,1570026.42
2025-01-24,None,"[343.66, 348.22]","[389.57, 394.01]",233.68,304.97,204.58,239.61,1797241.87
2025-01-25,None,"[341.25, 345.9]","[396.73, 398.63]",291.5,308.54,215.64,280.71,1714946.3
2025-01-26,None,"[348.35, 349.15]","[395.23, 398.16]",214.31,315.97,187.25,235.68,1402525.85
2025-01-29,None,"[344.33, 349.41]","[399.59, 400.48]",236.61,314.16,217.61,267.07,708303.67
2025-01-30,None,"[344.36, 349.7]","[397.69, 398.33]",289.09,304.25,224.5,289.6,179072.96
2025-01-31,None,"[345.12, 349.27]","[396.25, 397.11]",299.66,319.69,242.07,235.94,652943.12
2025-02-02,LONG,"[245.49, 254.72]","[296.89, 299.63]",201.98,305.1,209.0,285.41,175000.13
2025-02-05,SHORT,"[247.76, 253.71]","[299.9, 305.73]",275.06,316.24,230.43,245.61,1267865.85
2025-02-06,None,"[248.1, 248.17]","[304.38, 304.76]",293.82,313.61,218.32,309.2,941477.58
2025-02-07,None,"[251.2, 256.5]","[299.02, 304.81]",231.95,315.01,232.28,209.99,1023935.48
2025-02-08,None,"[254.27, 255.04]","[300.78, 300.87]",291.05,311.11,219.72,281.43,1476421.11
2025-02-09,None,"[250.33, 258.92]","[301.27, 306.99]",242.25,301.95,227.63,297.48,1911604.77
2025-02-12,None,"[251.85, 256.75]","[308.28, 310.67]",255.37,301.22,215.69,296.47,1953991.05
2025-02-13,LONG,"[252.67, 255.39]","[304.6, 306.57]",296.38,311.03,237.85,227.17,1159317.05
2025-02-14,None,"[253.67, 258.54]","[303.36, 309.85]",295.77,301.77,246.12,291.23,1638461.74
2025-02-15,None,"[256.36, 259.6]","[311.38, 312.25]",292.13,318.05,207.12,260.6,1456951.55
2025-02-16,LONG,"[259.79, 261.22]","[307.88, 310.97]",279.16,305.99,213.26,296.82,273663.37
2025-02-20,LONG,"[259.25, 259.83]","[307.91, 309.56]",277.65,309.3,215.21,228.6,275055.85
2025-02-21,None,"[260.6, 262.41]","[311.5, 313.8]",254.91,313.55,198.36,248.37,1594841.61
2025-02-22,None,"[261.74, 263.79]","[309.32, 315.85]",233.69,310.38,227.07,221.59,884878.97
2025-02-23,None,"[265.62, 267.22]","[309.62, 316.36]",206.16,318.03,180.92,209.03,1373578.27
2025-02-26,None,"[265.63, 266.91]","[313.99, 318.7]",230.75,301.52,191.59,236.39,971508.46
2025-02-27,LONG,"[265.07, 265.91]","[315.8, 320.2]",253.27,302.83,201.04,267.04,1269899.22
2025-02-28,LONG,"[269.8, 270.24]","[320.53, 321.81]",296.98,304.59,204.05,297.51,1446898.41
2025-03-01,LONG,"[268.44, 272.0]","[313.33, 315.27]",216.91,318.12,185.16,215.94,862870.28
2025-03-02,LONG,"[268.62, 273.45]","[318.19, 318.43]",253.38,309.66,240.66,274.1,175750.55
2025-03-05,LONG,"[267.34, 274.07]","[322.44, 324.18]",217.81,316.93,232.53,301.89,1719337.59
2025-03-06,LONG,"[270.52, 272.33]","[320.38, 322.34]",222.54,319.33,249.22,288.98,1703987.42
2025-03-07,LONG,"[268.79, 269.32]","[321.7, 326.12]",237.19,315.66,245.25,295.75,1601658.56
2025-03-08,None,"[268.42, 275.42]","[324.57, 325.15]",272.74,318.03,184.45,275.15,821445.38
2025-03-09,LONG,"[269.75, 271.1]","[319.22, 319.69]",233.07,304.66,248.18,235.48,1226554.72
2025-03-12,LONG,"[276.53, 278.77]","[321.65, 323.85]",242.03,302.47,241.29,253.76,1805989.91
2025-03-13,None,"[271.2, 280.44]","[323.58, 329.42]",266.07,316.41,208.45,214.11,1958571.93
2025-03-14,LONG,"[273.32, 277.8]","[326.07, 329.86]",283.38,312.76,206.89,303.26,141650.29
2025-03-15,LONG,"[278.24, 282.04]","[325.9, 328.38]",225.47,307.01,249.57,271.9,1561977.42
2025-03-16,LONG,"[275.32, 277.46]","[328.95, 333.56]",259.76,318.81,236.14,274.1,1497619.36
2025-03-19,None,"[275.46, 283.06]","[330.55, 331.02]",284.56,317.76,243.22,286.46,903070.49
2025-03-20,None,"[283.05, 283.24]","[333.04, 333.78]",295.61,301.19,234.56,295.49,1274649.81
2025-03-21,LONG,"[281.94, 284.01]","[327.41, 330.03]",272.57,303.94,227.99,277.42,1938000.95
2025-03-22,LONG,"[284.92, 285.21]","[330.87, 331.85]",216.62,305.54,192.83,281.71,1361543.13
2025-03-23,LONG,"[281.15, 285.67]","[330.28, 336.11]",210.33,304.95,215.48,219.64,1099305.46
2025-03-26,None,"[281.87, 283.65]","[330.17, 333.78]",209.48,312.6,200.8,256.86,1705970.5
2025-03-27,None,"[281.19, 284.47]","[335.05, 336.32]",268.39,308.13,186.37,242.18,118780.21
2025-03-28,None,"[283.72, 289.59]","[335.33, 338.08]",217.92,307.76,237.47,280.87,1689751.38
2025-03-29,None,"[286.16, 288.98]","[335.87, 337.86]",274.37,300.01,190.67,277.27,1569814.12
2025-03-30,None,"[287.6, 288.77]","[336.01, 341.1]",210.34,314.93,224.0,231.84,635289.68
2025-04-02,None,"[287.1, 293.13]","[339.59, 340.57]",290.28,319.3,242.49,296.17,1983378.93
2025-04-03,None,"[286.14, 288.32]","[337.93, 338.1]",257.52,300.96,230.99,237.6,1767591.26
2025-04-04,None,"[293.75, 295.83]","[338.75, 340.85]",236.02,303.76,219.27,252.41,1396053.61
2025-04-05,None,"[288.56, 294.55]","[339.6, 344.92]",293.81,311.11,211.44,307.08,1601718.67
2025-04-06,None,"[290.17, 290.76]","[342.72, 348.69]",276.07,309.56,184.19,292.49,1757755.88
2025-04-09,None,"[294.59, 298.11]","[340.65, 345.18]",290.37,313.98,187.01,223.25,612500.46
2025-04-10,None,"[293.09, 293.67]","[342.83, 350.32]",215.49,319.34,224.07,202.34,855308.4
2025-04-11,None,"[294.3, 299.67]","[346.49, 351.42]",237.58,300.91,231.85,237.03,1203884.8
2025-04-12,LONG,"[294.86, 302.44]","[343.17, 351.83]",210.87,304.61,228.71,295.3,746599.56
2025-04-13,LONG,"[295.72, 297.17]","[346.63, 353.76]",291.48,316.82,232.72,307.42,1526709.62
2025-04-16,None,"[296.86, 300.19]","[347.09, 352.46]",223.54,306.27,210.94,254.3,725931.81
2025-04-17,None,"[298.26, 300.84]","[348.2, 353.52]",204.28,306.12,194.1,298.68,833961.63
2025-04-18,None,"[306.42, 306.43]","[350.93, 356.6]",290.18,304.47,227.73,299.26,1001810.31
2025-04-21,LONG,"[301.01, 307.4]","[350.21, 352.0]",204.41,301.92,180.06,228.26,1646772.74
2025-04-23,None,"[300.02, 306.56]","[356.26, 358.19]",228.69,307.02,203.17,258.94,779653.08
2025-04-24,None,"[302.04, 302.73]","[352.34, 353.3]",201.94,315.72,228.94,289.36,151835.59
2025-04-25,None,"[308.58, 309.71]","[358.42, 359.03]",281.2,309.97,188.81,296.3,1999763.74
2025-04-26,LONG,"[308.52, 309.67]","[355.78, 361.42]",296.68,307.39,235.6,299.45,1930394.3
2025-04-27,LONG,"[308.16, 308.98]","[353.88, 357.81]",294.71,318.12,236.09,307.98,1261639.55
2025-04-30,SHORT,"[308.94, 310.64]","[355.46, 362.93]",267.47,306.25,181.7,307.85,1750284.31
2025-04-30,SHORT,"[306.52, 307.94]","[355.83, 363.39]",237.1,306.95,212.32,269.7,1722614.42
2025-05-01,None,"[307.79, 315.48]","[359.24, 365.16]",235.98,308.11,188.14,291.92,378625.69
2025-05-01,None,"[308.43, 315.62]","[364.0, 365.24]",293.98,315.06,227.83,242.39,865036.31
2025-05-02,None,"[309.53, 314.62]","[358.62, 365.26]",257.76,317.56,239.69,274.34,1008058.07
2025-05-02,SHORT,"[310.34, 317.2]","[360.14, 363.13]",276.64,319.91,208.89,204.01,676525.09