timestamp,open,high,low,close,direction,Support,Resistance
2022-08-25,302.542,302.807,291.556,295.897,SHORT,"[840.0, 880.0]","[900.0, 895.0, 940.0]"
2022-08-26,297.297,301.956,287.376,288.017,SHORT,"[877.0, 880.0, 840.0, 835.0, 845.0]","[900.0, 908.0, 980.5, 940.0]"
2022-08-27,297.297,301.956,287.376,288.017,SHORT,[290.0],"[300.0, 322.0, 323.0, 324.0, 422.0]"
2022-08-28,297.297,301.956,287.376,288.017,LONG,"[285.0, 286.0, 84.0]","[290.0, 292.0, 295.0]"
2022-08-31,280.497,280.837,271.776,275.337,SHORT,"[280.0, 247.0, 150.0, 185.0]","[287.0, 288.0, 292.0]"
2022-09-01,272.266,277.497,266.116,277.106,SHORT,"[273.0, 262.0]","[280.0, 285.0, 287.0, 291.0, 292.0]"
2022-09-02,280.876,282.116,269.056,269.737,NONE,"[273.0, 270.0, 262.0, 268.0, 267.0]","[281.0, 280.0, 282.0, 290.0, 295.0, 293.0, 294.0]"
2022-09-03,280.876,282.116,269.056,269.737,LONG,[266.0],"[280.0, 282.0, 281.0, 285.0, 290.0, 286.0, 288.0]"
2022-09-04,280.876,282.116,269.056,269.737,NONE,"[266.0, 262.0, 267.0]","[290.0, 285.0, 282.0, 288.0]"
2022-09-08,280.927,289.477,279.757,289.207,LONG,"[270.0, 267.0]","[280.0, 285.0, 290.0, 288.0]"
2022-09-09,291.547,299.817,291.156,299.617,NONE,"[280.0, 277.0]","[284.0, 290.0]"
2022-09-10,291.547,299.817,291.156,299.617,SHORT,"[285.0, 286.0]","[290.0, 295.0]"
2022-09-11,291.547,299.817,291.156,299.617,NONE,"[290.0, 400.0]","[303.0, 312.0, 412.0]"
2022-09-14,292.107,305.917,291.556,302.507,NONE,"[290.0, 285.0]","[312.0, 325.0]"
2022-09-15,301.626,309.077,300.657,303.657,LONG,"[285.0, 290.0]","[300.0, 312.0, 325.0]"
2022-09-16,299.347,303.637,295.527,302.966,LONG,[299.0],"[306.0, 312.0, 319.0, 320.0]"
2022-09-17,299.347,303.637,295.527,302.966,SHORT,[],"[306.0, 312.0]"
2022-09-18,299.347,303.637,295.527,302.966,SHORT,"[250.0, 255.0, 292.0, 293.0]",[306.0]
2022-09-22,299.996,301.177,285.796,288.467,SHORT,"[250.0, 265.0, 273.0, 295.0, 300.0]","[312.0, 313.0, 317.0, 318.0, 325.0]"
2022-09-23,282.916,284.307,272.797,274.796,SHORT,"[293.0, 294.0, 295.0]","[310.0, 312.0, 313.0, 317.0]"
2022-09-24,282.916,284.307,272.797,274.796,SHORT,"[285.0, 280.0, 276.0, 262.0, 250.0]","[294.0, 295.0, 300.0]"
2022-09-25,282.916,284.307,272.797,274.796,LONG,"[275.0, 273.0]","[288.0, 293.0, 300.0]"
2022-09-28,282.996,288.977,277.506,287.607,NONE,"[275.0, 274.0, 273.0, 267.0, 262.0, 257.0]","[283.0, 284.0, 290.0, 300.0]"
2022-09-29,282.756,283.596,265.737,268.067,SHORT,"[267.0, 262.0, 256.0]","[288.5, 290.0]"
2022-10-01,265.977,275.507,262.306,264.997,NONE,"[267.0, 262.0, 256.0, 248.0]",[]
2022-10-02,265.977,275.507,262.306,264.997,SHORT,"[265.1, 262.0, 258.0, 247.0, 230.0, 220.0, 200.0, 185.0, 150.0]",[]
2022-10-05,245.302,246.636,233.246,240.457,LONG,"[233.0, 187.0, 150.0, 210.0, 220.0]","[247.0, 264.0, 267.0, 270.0, 272.0]"
2022-10-06,239.316,244.496,235.336,238.016,SHORT,"[230.0, 220.0, 210.0, 187.0, 150.0, 233.0]","[247.0, 260.0, 262.0, 264.0, 270.0, 272.0]"
2022-10-07,233.987,234.527,222.006,222.697,LONG,[233.0],"[254.0, 260.0, 270.0]"
2022-10-08,233.987,234.527,222.006,222.697,NONE,"[233.0, 237.0, 228.0, 222.0]","[240.0, 254.61, 270.0]"
2022-10-09,233.987,234.527,222.006,222.697,SHORT,"[220.0, 216.0, 210.0, 205.0, 187.0, 150.0]","[263.0, 265.0, 270.0]"
2022-10-12,215.427,219.226,211.496,217.097,LONG,[207.0],"[235.0, 245.0, 253.0, 262.0]"
2022-10-13,208.297,222.947,206.196,221.697,NONE,"[215.0, 208.0, 210.0, 207.0, 200.0]",[228.0]
2022-10-14,223.886,226.177,204.146,204.997,NONE,[217.32],"[223.0, 245.0]"
2022-10-15,223.886,226.177,204.146,204.997,NONE,[],"[224.0, 225.0, 372.0, 373.0, 245.0]"
2022-10-16,223.886,226.177,204.146,204.997,LONG,"[180.0, 200.0]","[225.0, 206.0, 236.0, 246.0]"
2022-10-19,219.647,222.867,217.746,222.207,NONE,"[209.0, 100.0, 1100.0, 185.0, 205.0]","[221.0, 225.0, 216.0]"
2022-10-20,208.316,215.467,202.0,207.036,LONG,"[217.0, 219.0, 216.0, 210.0, 150.0, 180.0, 204.0]","[246.0, 245.0, 250.0]"
2022-10-22,206.016,214.606,203.746,214.397,NONE,"[205.0, 200.0, 195.0, 185.0, 150.0]",[]
2022-10-23,206.016,214.606,203.746,214.397,LONG,"[203.0, 202.0, 205.0, 200.0]","[222.0, 238.0, 265.0, 287.0]"
2022-10-26,219.116,230.467,218.197,224.506,LONG,"[198.6, 204.0, 210.0]","[211.25, 215.0, 230.0, 243.0, 250.0, 253.0, 379.0]"
2022-10-27,229.827,233.727,222.776,224.957,LONG,[198.0],"[222.4, 225.0, 233.0, 238.0, 240.0, 245.0, 250.0, 260.0, 265.0, 270.0]"
2022-10-29,225.307,228.827,216.227,228.357,LONG,"[212.0, 213.0, 216.0, 218.0, 220.0]","[238.0, 250.0, 265.0]"
2022-10-30,225.307,228.827,216.227,228.357,LONG,"[216.0, 225.0]","[245.0, 250.0, 264.0, 270.0]"
2022-11-02,225.926,227.746,214.756,214.806,LONG,"[204.0, 205.0, 218.0, 225.0]","[229.0, 230.0]"
2022-11-03,211.026,221.137,210.106,215.307,NONE,[],[]
2022-11-04,222.537,223.727,203.076,207.467,LONG,"[213.0, 204.0]",[235.0]
2022-11-05,222.537,223.727,203.076,207.467,LONG,"[213.0, 204.0]","[220.0, 230.0]"
2022-11-06,222.537,223.727,203.076,207.467,LONG,"[204.0, 200.0]","[230.0, 250.0]"
2022-11-09,190.497,195.837,177.116,177.587,SHORT,"[195.0, 187.0, 180.0, 167.0, 166.0, 150.0]","[200.0, 204.0]"
2022-11-10,189.707,190.977,180.006,190.597,NONE,"[187.0, 182.0, 150.0, 120.0]",[180.0]
2022-11-11,185.777,196.477,182.527,195.816,NONE,"[174.0, 150.0, 160.0]","[180.0, 200.0]"
2022-11-12,185.777,196.477,182.527,195.816,LONG,"[180.0, 176.0, 175.0, 191.0]","[200.0, 207.0, 230.0, 237.0, 250.0, 260.0, 410.0]"
2022-11-13,185.777,196.477,182.527,195.816,NONE,"[195.0, 180.0, 177.0]","[197.0, 204.0, 205.0, 212.0, 230.0]"
2022-11-16,191.417,192.467,185.646,186.877,NONE,"[177.0, 178.0, 182.0, 187.0, 190.0, 180.0]","[195.0, 197.0, 200.0, 204.0]"
2022-11-17,183.637,186.096,180.886,183.177,NONE,"[191.0, 192.0, 180.0]","[194.44, 197.0, 196.0, 200.0, 204.0, 400.0, 406.0, 410.0]"
2022-11-18,184.807,184.886,176.526,180.206,SHORT,"[180.0, 150.0]","[195.0, 200.0]"
2022-11-19,184.807,184.886,176.526,180.206,LONG,"[180.8, 177.0, 180.0]","[183.0, 184.0, 195.0, 200.0, 204.0]"
2022-11-20,184.807,184.886,176.526,180.206,LONG,"[180.0, 177.0, 178.0, 166.0, 150.0]",[182.0]
2022-11-23,173.627,183.587,172.496,183.087,LONG,"[167.0, 150.0, 164.0]",[180.0]
2022-11-24,173.627,183.587,172.496,183.087,NONE,"[161.45, 163.0, 166.0]","[180.0, 190.0]"
2022-11-25,185.007,185.007,180.616,182.596,LONG,[180.0],"[182.5, 185.0, 187.0, 190.0, 193.0, 195.0, 200.0, 237.0]"
2022-11-26,185.007,185.007,180.616,182.596,LONG,"[182.0, 180.0]","[187.0, 200.0, 204.0, 195.0, 230.0, 190.0]"
2022-11-30,182.346,194.657,180.596,194.446,LONG,"[183.0, 175.0, 176.0, 166.0, 170.0]","[190.0, 187.0, 185.0, 200.0, 205.0, 195.0, 220.0, 230.0, 280.0]"
2022-12-01,196.907,198.817,191.757,194.657,LONG,"[166.0, 176.0, 177.0, 179.0, 180.0]","[183.0, 184.0, 221.0]"
2022-12-02,191.596,196.217,191.096,194.727,LONG,"[167.0, 178.0, 186.0, 187.0, 188.0]","[195.0, 204.0, 205.0, 220.0, 230.0]"
2022-12-03,191.596,196.217,191.096,194.727,LONG,"[186.0, 187.0, 189.0, 190.0]","[200.0, 216.0]"
2022-12-04,191.596,196.217,191.096,194.727,LONG,"[186.0, 190.0, 187.0]","[195.0, 196.0, 205.0, 215.0, 200.0]"
2022-12-07,174.906,179.367,172.196,173.977,LONG,"[182.0, 178.0, 176.0, 177.0, 167.0, 165.0]","[185.0, 187.0, 198.0, 200.0, 204.0, 220.0, 230.0]"
2022-12-08,171.956,175.167,169.026,173.356,LONG,"[177.0, 38.55]","[400.0, 25.0, 195.0, 200.0]"
2022-12-09,173.707,182.487,173.296,178.966,NONE,"[170.0, 167.0, 168.0, 165.0, 160.0, 155.0]","[176.0, 177.0, 180.0, 198.0, 201.0]"
2022-12-10,173.707,182.487,173.296,178.966,LONG,"[169.0, 167.0, 168.0]","[400.0, 402.0]"
2022-12-11,173.707,182.487,173.296,178.966,NONE,"[170.0, 136.0, 91.0, 74.0, 59.0, 55.0, 43.0, 29.0, 30.0, 17.0]","[180.0, 185.0, 205.0]"
2022-12-14,159.197,161.577,155.296,156.746,NONE,"[167.0, 166.0]",[180.0]
2022-12-15,153.307,160.827,153.246,157.657,NONE,"[136.0, 150.0, 157.0]","[161.0, 167.0, 180.0]"
2022-12-16,159.527,160.836,150.026,150.156,LONG,"[150.0, 152.0, 153.0]","[164.0, 170.0, 180.0]"
2022-12-17,159.527,160.836,150.026,150.156,LONG,"[155.0, 156.0, 150.0]","[178.0, 170.0]"
2022-12-18,159.527,160.836,150.026,150.156,LONG,"[150.0, 147.0, 136.0, 120.0, 118.0, 110.0]","[175.0, 170.0, 180.0]"
2022-12-21,139.307,141.216,135.887,137.377,LONG,"[150.0, 146.0]","[154.0, 170.0, 180.0]"
2022-12-22,135.987,136.486,122.256,125.276,SHORT,"[136.0, 130.0, 120.0, 112.0, 104.0]","[150.0, 143.0, 166.0, 167.0]"
2022-12-23,126.336,128.587,121.016,123.006,NONE,"[137.49, 135.0, 130.0, 120.0, 17.0]","[139.0, 160.0, 165.0, 265.0]"
2022-12-24,126.336,128.587,121.016,123.006,NONE,"[125.0, 120.0, 110.0, 112.0, 100.0, 91.0, 65.0, 167.0, 150.0, 130.0]",[133.0]
2022-12-25,126.336,128.587,121.016,123.006,LONG,"[121.0, 120.0, 112.0, 100.0]","[192.0, 175.0, 180.0, 165.0, 160.0, 170.0, 150.0]"
2022-12-29,120.316,123.547,117.496,121.806,LONG,"[112.0, 102.0, 100.0, 70.0]","[166.0, 180.0, 150.0]"
2022-12-30,119.966,124.427,119.657,123.126,LONG,"[112.0, 110.0, 100.0, 60.0, 70.0]","[150.0, 166.0, 180.0, 143.0, 165.0]"
2022-12-31,119.966,124.427,119.657,123.126,LONG,"[114.0, 115.0]","[123.0, 150.0, 116.0]"
2023-01-01,119.966,124.427,119.657,123.126,LONG,"[123.0, 124.0]","[150.0, 160.0]"
2023-01-05,110.456,111.717,107.157,110.336,LONG,"[109.0, 100.0, 107.0, 104.0, 70.0]","[150.0, 160.0, 180.0]"
2023-01-06,102.916,114.377,101.2,112.976,LONG,"[60.0, 90.0, 108.0]","[121.0, 123.0, 125.0, 140.0, 150.0, 162.0]"
2023-01-07,102.916,114.377,101.2,112.976,LONG,"[100.0, 105.0]",[140.0]
2023-01-08,102.916,114.377,101.2,112.976,LONG,"[100.0, 61.0, 64.0]","[120.0, 125.0, 140.0, 150.0, 390.0, 400.0]"
2023-01-11,122.036,125.907,120.506,123.137,LONG,"[115.0, 113.0, 110.0]","[123.0, 126.0, 133.0, 145.0, 150.0, 166.0, 260.0]"
2023-01-12,122.446,124.106,116.996,123.497,LONG,"[100.0, 105.0, 110.0, 111.0, 112.0, 113.0, 115.0, 116.0, 117.0]","[120.0, 130.0, 140.0, 150.0, 180.0, 220.0, 230.0]"
2023-01-13,116.546,122.617,115.586,122.387,SHORT,[100.0],"[123.0, 125.0, 140.0]"
2023-01-14,116.546,122.617,115.586,122.387,LONG,[123.0],"[125.0, 130.0, 140.0, 150.0]"
2023-01-15,116.546,122.617,115.586,122.387,NONE,"[117.0, 118.0, 110.0]","[123.0, 140.0, 130.0, 135.0]"
2023-01-19,127.296,129.957,124.296,127.087,NONE,"[120.0, 123.0]","[130.0, 140.0, 150.0, 160.0]"
2023-01-20,128.516,133.477,127.306,133.357,NONE,"[102.0, 110.0]","[137.0, 140.0]"
2023-01-21,128.516,133.477,127.306,133.357,NONE,"[122.0, 123.0, 124.0, 100.0, 101.0]","[129.0, 130.0, 137.0, 140.0]"
2023-01-22,128.516,133.477,127.306,133.357,SHORT,"[100.0, 107.0, 113.0]","[136.0, 137.0, 140.0, 150.0, 155.0]"
2023-01-25,141.826,146.387,138.067,144.346,SHORT,"[60.0, 64.0, 113.0, 120.0, 122.0, 135.0]","[140.0, 143.8, 149.85, 150.0, 153.0, 167.0, 170.0]"
2023-01-26,159.826,161.367,154.756,160.187,SHORT,[64.0],"[140.0, 143.0, 150.0, 153.0, 110.0]"
2023-01-27,162.406,180.657,161.156,177.766,NONE,[],"[150.0, 152.36, 162.0]"
2023-01-28,162.406,180.657,161.156,177.766,LONG,"[113.0, 124.0, 131.0]","[140.0, 145.0, 150.0, 162.0, 166.0, 180.0]"
2023-01-29,162.406,180.657,161.156,177.766,NONE,"[170.0, 167.0, 141.0, 132.0, 120.0]","[180.0, 200.0, 190.0, 192.0, 410.0]"
2023-02-01,173.746,183.777,169.936,181.296,NONE,"[150.0, 141.0, 140.0, 144.0, 113.0, 120.0]","[180.0, 200.0, 190.0, 185.0, 95.0]"
2023-02-02,187.267,196.726,182.556,188.267,LONG,"[101.0, 102.0, 122.0, 140.0, 150.0]","[177.0, 192.0, 200.0]"
2023-02-03,183.937,198.977,183.667,189.917,LONG,"[112.0, 122.0, 133.0, 144.0, 150.0, 160.0]","[180.0, 190.0, 194.0, 200.0]"
2023-02-04,183.937,198.977,183.667,189.917,SHORT,"[177.0, 180.0, 181.0, 380.0]","[190.0, 195.0, 197.0, 200.0, 210.0, 220.0, 410.0]"
2023-02-05,183.937,198.977,183.667,189.917,SHORT,"[100.0, 122.0, 140.0, 144.0, 150.0, 162.0, 177.0, 180.0]","[192.0, 199.0, 200.0]"
2023-02-08,195.987,202.816,194.316,201.186,NONE,[],"[195.0, 198.0, 200.0, 210.0, 220.0]"
2023-02-09,207.657,213.977,204.736,207.217,SHORT,"[100.0, 120.0, 150.0]","[200.0, 210.0, 220.0]"
2023-02-10,202.136,206.146,192.896,196.737,NONE,"[150.0, 200.0, 100.0]","[210.0, 220.0, 230.0]"
2023-02-11,202.136,206.146,192.896,196.737,SHORT,"[144.0, 170.0, 160.0, 150.0]","[210.0, 214.0, 220.0, 207.0, 230.0, 226.0]"
2023-02-12,202.136,206.146,192.896,196.737,SHORT,"[158.0, 144.0, 160.0, 145.0]","[210.0, 215.0, 208.0, 200.0]"
2023-02-15,211.746,214.637,206.106,214.046,SHORT,"[180.0, 170.0, 150.0, 160.0, 140.0, 185.0]","[200.0, 197.0]"
2023-02-16,210.687,217.617,201.796,201.907,SHORT,[150.0],"[210.0, 213.0, 220.0]"
2023-02-17,199.986,208.407,197.487,208.176,SHORT,"[140.0, 150.0, 160.0, 166.0, 170.0]","[214.0, 215.0, 220.0, 225.0, 230.0]"
2023-02-18,199.986,208.407,197.487,208.176,SHORT,"[200.0, 190.0, 185.0, 160.0, 146.0, 170.0, 150.0, 155.0, 180.0]","[218.0, 220.0, 210.0, 214.0, 217.0]"
2023-02-19,199.986,208.407,197.487,208.176,SHORT,"[160.0, 180.0, 190.0, 200.0, 144.0, 122.0, 181.0, 185.0, 150.0, 155.0, 170.0, 146.0]","[210.0, 212.0, 213.0, 214.0, 217.0, 220.0, 222.0, 265.0]"
2023-02-23,203.796,205.057,196.316,201.946,SHORT,"[190.0, 185.0, 160.0, 146.0, 145.0]","[200.0, 210.0, 213.0, 230.0]"
2023-02-24,196.296,197.646,192.787,196.797,SHORT,"[187.0, 190.0, 160.0, 140.0]","[200.0, 201.0, 202.0, 203.0, 205.0, 207.0, 208.0, 210.0, 213.0]"
2023-02-25,196.296,197.646,192.787,196.797,NONE,"[145.0, 160.0, 174.0, 190.0, 191.9, 192.0]","[205.0, 210.0, 216.0, 220.0, 222.0]"
2023-02-26,196.296,197.646,192.787,196.797,SHORT,[190.0],[200.0]
2023-03-01,205.996,207.177,198.497,202.587,SHORT,"[197.0, 200.0]","[208.0, 209.43, 210.0, 213.0, 215.0]"
2023-03-02,186.677,193.707,186.006,190.926,SHORT,[200.0],"[210.0, 213.0, 215.0]"
2023-03-03,194.696,200.457,192.876,197.867,SHORT,"[145.0, 150.0, 160.0, 180.0, 190.0, 200.0]","[213.0, 215.0, 216.0]"
2023-03-04,194.696,200.457,192.876,197.867,SHORT,"[145.0, 160.0, 170.0, 173.0, 177.0, 177.5, 180.0, 190.0, 191.0, 192.0]","[197.0, 200.0, 218.0]"
2023-03-05,194.696,200.457,192.876,197.867,SHORT,"[160.0, 145.0]","[200.0, 203.0, 408.0]"
2023-03-08,184.946,186.416,179.996,181.967,SHORT,"[190.0, 185.0, 180.0, 160.0, 145.0, 177.0]",[205.0]
2023-03-09,180.177,185.127,172.496,172.816,SHORT,"[180.0, 160.0, 145.0, 177.0]","[185.0, 186.0, 187.0, 190.0]"
2023-03-10,174.987,178.266,168.426,173.296,SHORT,"[180.0, 162.0, 145.0]","[187.0, 190.0, 191.0, 192.0]"
2023-03-11,174.987,178.266,168.426,173.296,SHORT,"[180.0, 160.0, 146.0, 145.0, 130.0]","[185.0, 187.0, 190.0]"
2023-03-12,174.987,178.266,168.426,173.296,SHORT,"[173.0, 145.0, 150.0, 162.0, 168.0]",[190.0]
2023-03-15,180.736,182.296,176.006,180.237,SHORT,"[173.0, 171.0, 160.0, 145.0]","[176.0, 184.0, 190.0]"
2023-03-16,180.197,185.747,178.826,184.017,LONG,"[175.0, 174.0, 146.0, 150.0, 145.0]","[190.0, 214.0, 213.0]"
2023-03-17,184.386,186.147,177.316,180.007,LONG,[180.0],"[188.0, 192.0, 190.0, 187.0]"
2023-03-18,184.386,186.147,177.316,180.007,SHORT,[],"[192.0, 187.0, 190.0]"
2023-03-19,184.386,186.147,177.316,180.007,SHORT,[177.0],"[186.0, 190.0, 210.0]"
2023-03-22,199.246,200.606,190.917,190.917,SHORT,"[170.0, 160.0, 145.0]","[183.0, 200.0, 210.0, 215.0]"
2023-03-23,195.247,199.277,188.606,192.156,SHORT,"[190.0, 180.0, 185.0]","[200.0, 210.0, 215.0, 214.0]"
2023-03-24,191.497,192.277,187.147,190.316,SHORT,"[187.0, 180.0, 183.0, 185.0]","[210.0, 215.0, 200.0]"
2023-03-25,191.497,192.277,187.147,190.316,NONE,"[190.0, 187.0, 188.0, 186.0, 140.0]","[200.0, 210.0, 215.0]"
2023-03-26,191.497,192.277,187.147,190.316,NONE,"[188.0, 187.0, 190.0, 160.0, 145.0, 215.0]","[200.0, 210.0]"
2023-03-29,192.957,195.247,189.436,193.817,NONE,"[188.0, 145.0, 150.0, 135.0, 120.0, 125.0]","[210.0, 215.0, 200.0]"
2023-03-30,195.516,197.277,194.396,195.177,NONE,"[187.0, 186.0]","[210.0, 215.0, 200.0]"
2023-03-31,197.497,207.767,197.196,207.317,SHORT,"[186.0, 145.0, 155.0]","[195.0, 200.0, 210.0, 215.0]"
2023-04-01,197.497,207.767,197.196,207.317,SHORT,"[186.0, 160.0, 145.0, 155.0]","[200.0, 210.0, 215.0, 197.5]"
2023-04-02,197.497,207.767,197.196,207.317,SHORT,[],"[210.0, 215.0]"
2023-04-05,190.496,190.617,183.746,185.397,NONE,"[187.0, 185.0, 167.0, 150.0]","[200.0, 210.0, 215.0]"
2023-04-06,183.006,186.347,179.726,185.226,NONE,"[186.0, 187.0, 150.0, 160.0]","[197.0, 200.0, 191.0]"
2023-04-07,183.006,186.347,179.726,185.226,SHORT,"[185.0, 180.0, 160.0, 145.0, 150.0, 155.0]","[200.0, 192.5, 215.0]"
2023-04-08,183.006,186.347,179.726,185.226,SHORT,[180.0],[192.0]
2023-04-12,190.697,191.537,180.296,180.486,NONE,"[180.0, 185.0, 176.0]","[200.0, 190.0]"
2023-04-13,182.746,186.467,180.897,185.786,NONE,[180.0],"[190.0, 200.0]"
2023-04-14,183.807,186.226,181.996,184.956,NONE,"[180.0, 171.0, 176.0]","[191.5, 192.0, 200.0]"
2023-04-15,183.807,186.226,181.996,184.956,NONE,"[180.0, 166.0, 145.0, 160.0]","[186.0, 189.0, 190.0, 195.0, 200.0, 415.0, 416.0]"
2023-04-16,183.807,186.226,181.996,184.956,SHORT,"[182.0, 183.0, 167.0, 150.0, 145.0]","[210.0, 207.0, 265.0, 186.0]"
2023-04-19,179.096,183.487,177.667,180.437,NONE,[186.0],"[190.0, 195.0, 200.0]"
2023-04-20,166.127,169.516,160.556,162.927,NONE,"[180.0, 170.0]","[191.0, 199.0, 200.0, 220.0, 230.0]"
2023-04-21,164.796,165.987,161.307,164.986,NONE,"[180.0, 160.0, 165.0, 167.0]","[185.0, 200.0]"
2023-04-22,164.796,165.987,161.307,164.986,SHORT,"[155.0, 145.0, 146.0, 150.0, 135.0]","[167.0, 170.0, 180.0, 200.0]"
2023-04-23,164.796,165.987,161.307,164.986,LONG,"[160.0, 146.0]","[172.0, 176.0, 178.0, 180.0, 184.0]"
2023-04-27,152.537,160.447,152.346,159.876,LONG,"[160.0, 155.0, 157.0, 150.0, 140.0]","[20.0, 175.0]"
2023-04-28,160.636,164.957,157.266,164.227,SHORT,"[145.0, 150.0]",[170.0]
2023-04-29,160.636,164.957,157.266,164.227,SHORT,"[145.0, 146.0]","[160.0, 170.0]"
2023-04-30,160.636,164.957,157.266,164.227,LONG,"[151.0, 152.0, 167.0]","[170.0, 175.0, 171.0, 172.0, 173.0, 176.0, 180.0, 420.0]"
2023-05-03,159.896,164.977,159.896,160.557,LONG,"[158.0, 159.0, 145.0, 140.0, 160.0, 107.0]","[165.0, 166.0, 167.0, 170.0, 180.0]"
2023-05-04,162.667,162.907,159.646,161.147,SHORT,[158.0],"[165.0, 166.0, 167.0, 170.0, 175.0, 180.0]"
2023-05-05,163.937,170.746,163.516,170.056,SHORT,[159.0],"[165.0, 166.0, 167.0, 170.0]"
2023-05-06,163.937,170.746,163.516,170.056,NONE,[145.0],"[170.0, 171.0, 180.0]"
2023-05-07,163.937,170.746,163.516,170.056,LONG,"[152.0, 165.0]","[170.0, 173.0, 175.0, 180.0, 184.0]"
2023-05-10,172.427,174.367,166.677,168.457,SHORT,"[165.0, 167.0, 170.0]","[174.0, 175.6, 180.0]"
2023-05-11,168.676,173.536,166.767,172.006,LONG,[165.0],"[172.0, 177.0, 180.0]"
2023-05-12,176.056,177.346,167.207,167.917,NONE,"[167.0, 166.6, 165.0]","[174.0, 180.0]"
2023-05-13,176.056,177.346,167.207,167.917,NONE,"[170.0, 166.6]","[174.0, 180.0, 173.5]"
2023-05-14,176.056,177.346,167.207,167.917,SHORT,"[167.0, 166.0, 140.0, 150.0]","[170.0, 171.0, 177.5, 180.0]"
2023-05-17,168.357,174.476,167.146,173.757,SHORT,"[160.0, 154.0, 145.0, 126.0]","[170.0, 172.0, 173.0]"
2023-05-18,174.156,177.037,172.427,176.817,SHORT,"[160.0, 145.0, 153.0]",[170.0]
2023-05-19,177.027,181.926,176.296,180.067,SHORT,"[150.0, 140.0, 174.0]","[174.0, 180.0, 417.0]"
2023-05-20,177.027,181.926,176.296,180.067,NONE,"[174.0, 172.0, 170.0, 153.0, 144.0]","[180.0, 180.52, 184.0, 50.0]"
2023-05-21,177.027,181.926,176.296,180.067,NONE,"[178.0, 173.0, 170.0, 160.0, 150.0, 140.0]","[180.0, 184.34, 185.0, 190.0, 200.0]"
2023-05-24,182.136,184.196,178.206,182.826,LONG,"[180.0, 184.0, 167.0, 145.0, 150.0]","[190.0, 195.0, 200.0, 207.0, 210.0]"
2023-05-25,186.367,186.746,180.576,184.327,SHORT,"[175.0, 180.0, 178.0, 172.0, 174.0, 152.0, 160.0, 145.0]","[195.0, 200.0, 193.0, 202.0, 212.0, 215.0, 240.0, 300.0]"
2023-05-26,184.496,198.587,184.496,193.227,LONG,"[178.22, 175.0, 174.0, 173.0, 170.0]","[185.79, 186.0, 192.0, 200.0]"
2023-05-27,184.496,198.587,184.496,193.227,SHORT,"[177.65, 175.0, 173.0, 172.0, 178.2]","[185.0, 186.0, 200.0]"
2023-05-28,184.496,198.587,184.496,193.227,NONE,"[160.0, 175.0, 179.0, 180.0]",[200.0]
2023-06-01,202.546,209.787,199.346,207.406,NONE,"[165.0, 180.0, 195.0]","[200.0, 207.0, 210.0, 215.0, 218.0]"
2023-06-02,210.006,217.207,209.696,213.907,NONE,"[40.5, 41.0, 180.0, 190.0, 196.0, 199.0, 200.0]","[204.4, 207.0, 210.0, 215.0, 218.0, 220.0]"
2023-06-03,210.006,217.207,209.696,213.907,NONE,"[180.0, 185.0, 187.0, 190.0, 196.0, 207.5]","[208.0, 210.0, 215.0, 220.0]"
2023-06-04,210.006,217.207,209.696,213.907,NONE,"[202.0, 192.0, 190.0, 184.0, 185.0, 180.0, 193.0]",[215.0]
2023-06-07,227.986,230.787,223.196,224.496,NONE,"[212.0, 210.0, 205.0, 190.0, 185.0, 180.0, 193.0]",[221.0]
2023-06-08,224.057,235.217,222.996,234.736,NONE,"[217.0, 216.0, 210.0, 190.0, 200.0]","[227.0, 222.0]"
2023-06-09,248.977,252.327,241.996,244.337,NONE,"[177.0, 221.3, 190.0, 185.0, 210.0]","[300.0, 240.0]"
2023-06-10,248.977,252.327,241.996,244.337,NONE,"[223.0, 230.0]","[236.0, 240.0, 190.0]"
2023-06-11,248.977,252.327,241.996,244.337,NONE,"[241.0, 230.0, 234.0, 200.0, 190.0, 214.0, 202.0]","[250.0, 265.0, 246.7, 252.4]"
2023-06-14,260.127,261.526,250.406,256.697,NONE,"[235.0, 215.0, 200.0]","[250.0, 252.0, 252.5, 265.0]"
2023-06-15,248.437,258.927,247.126,255.747,LONG,"[250.0, 235.0, 219.0, 206.0]","[260.0, 265.0, 285.0, 290.0]"
2023-06-16,258.566,263.587,257.196,260.326,NONE,"[234.0, 220.0, 215.0, 200.0]",[265.0]
2023-06-17,258.566,263.587,257.196,260.326,SHORT,"[220.0, 215.0, 200.0]",[265.0]
2023-06-18,258.566,263.587,257.196,260.326,SHORT,"[250.0, 220.0]","[265.0, 280.0, 300.0]"
2023-06-22,250.676,264.756,248.196,264.516,NONE,"[230.0, 234.0, 220.0, 215.0]",[280.0]
2023-06-23,259.126,262.417,252.797,256.406,SHORT,"[260.0, 250.0, 230.0, 215.0, 152.0, 164.0, 220.0]","[265.0, 280.0, 279.7]"
2023-06-24,259.126,262.417,252.797,256.406,NONE,"[250.0, 230.0, 220.0]","[265.0, 280.0, 275.0]"
2023-06-25,259.126,262.417,252.797,256.406,SHORT,"[250.0, 247.0, 255.0, 230.0, 215.0, 220.0]","[265.0, 260.0, 263.0, 275.0, 280.0]"
2023-06-28,249.717,259.837,248.877,256.367,SHORT,"[242.0, 243.0, 234.0, 235.0, 220.0, 215.0, 210.0]","[250.0, 255.0, 247.0]"
2023-06-29,257.996,260.727,253.606,257.407,NONE,"[247.0, 250.0, 237.0, 207.0]",[253.0]
2023-06-30,260.527,264.406,259.846,261.636,NONE,"[250.0, 230.0]","[260.0, 265.0]"
2023-07-01,260.527,264.406,259.846,261.636,NONE,"[254.0, 240.0, 230.0, 225.0]","[258.0, 260.0, 265.0, 280.0, 300.0]"
2023-07-02,260.527,264.406,259.846,261.636,NONE,[240.0],"[263.0, 265.0, 270.0]"
2023-07-04,276.357,284.237,275.096,279.796,NONE,"[275.0, 85.0, 91.0]","[280.0, 282.0, 290.0, 300.0, 315.0, 92.0]"
2023-07-07,278.426,280.667,273.746,274.257,SHORT,"[275.0, 265.0, 262.0]","[282.5, 284.0, 285.0, 290.0]"
2023-07-08,278.426,280.667,273.746,274.257,SHORT,"[240.0, 220.0, 265.0]","[280.0, 282.0, 443.0, 370.0]"
2023-07-09,278.426,280.667,273.746,274.257,SHORT,"[274.0, 275.0, 265.0, 262.0, 237.0, 234.0, 220.0, 215.0, 254.0, 214.0, 210.0]",[280.0]
2023-07-12,276.297,276.457,271.426,271.957,NONE,"[264.0, 265.0, 262.0, 258.0, 254.0, 250.0, 240.0, 241.0, 215.0]","[292.0, 280.0]"
2023-07-13,274.277,279.437,270.596,277.867,NONE,[],[]
2023-07-14,277.017,285.227,276.296,281.306,NONE,"[276.0, 277.0, 370.0]","[276.5, 276.5, 282.0, 290.0]"
2023-07-15,277.017,285.227,276.296,281.306,LONG,"[265.0, 262.0, 270.0, 276.0, 273.0]","[276.0, 280.0, 279.5, 285.0, 284.0, 290.0, 300.0, 315.0]"
2023-07-16,277.017,285.227,276.296,281.306,SHORT,[263.0],"[258.0, 274.0, 282.0, 284.0, 285.0, 290.0]"
2023-07-19,296.046,299.277,289.516,291.026,NONE,[263.0],"[274.0, 282.0, 290.0]"
2023-07-20,279.546,280.827,261.146,262.866,NONE,[284.0],"[291.0, 300.0, 312.0, 315.0]"
2023-07-21,267.967,267.967,255.796,259.787,NONE,"[100.0, 269.0]","[296.0, 300.0, 315.0]"
2023-07-22,267.967,267.967,255.796,259.787,SHORT,"[260.0, 250.0, 240.0, 212.0, 210.0, 215.0, 275.0]",[]
2023-07-23,267.967,267.967,255.796,259.787,SHORT,"[240.0, 250.0, 260.0, 275.0, 220.0]","[272.0, 277.0]"
2023-07-26,263.136,267.957,261.647,264.386,SHORT,"[241.0, 250.0, 243.0, 220.0]","[271.0, 282.0]"
2023-07-27,268.266,269.006,255.177,255.656,SHORT,"[243.0, 226.0, 208.0]","[275.0, 282.0]"
2023-07-28,259.596,267.207,258.216,266.267,SHORT,"[240.0, 220.0, 210.0]","[267.0, 275.0, 280.0]"
2023-07-29,259.596,267.207,258.216,266.267,SHORT,"[250.0, 243.0, 240.0, 220.0, 210.0]","[267.0, 273.0, 275.0]"
2023-07-30,259.596,267.207,258.216,266.267,NONE,"[165.0, 267.0]","[270.0, 272.0, 275.0, 280.0, 283.0, 300.0]"
2023-08-02,255.517,259.467,250.457,254.076,SHORT,"[210.0, 170.0, 140.0, 150.0, 240.0, 200.0]","[63.0, 270.0, 275.0, 280.0, 285.0]"
2023-08-03,251.997,260.467,251.806,259.136,SHORT,"[240.0, 220.0, 215.0, 210.0, 205.0, 248.0]","[267.0, 270.0, 280.0]"
2023-08-04,260.937,264.696,253.096,253.736,SHORT,"[249.0, 241.0, 242.0, 243.0, 234.0, 220.0, 213.0]",[370.0]
2023-08-05,260.937,264.696,253.096,253.736,NONE,[240.0],"[267.0, 270.0, 275.0, 280.0, 300.0]"
2023-08-06,260.937,264.696,253.096,253.736,SHORT,"[240.0, 220.0]",[260.0]
2023-08-09,250.807,250.936,241.856,242.057,NONE,"[240.0, 242.0]","[250.0, 254.0, 255.0, 257.0, 260.0, 267.0, 270.0]"
2023-08-10,245.396,251.766,242.987,245.327,NONE,"[240.0, 250.0, 255.0]","[255.0, 260.0, 262.0, 267.0, 270.0, 271.0, 264.0]"
2023-08-11,241.747,243.757,238.176,242.526,NONE,"[240.0, 242.0, 235.0, 220.0, 210.0, 239.0, 238.0]","[250.0, 252.0, 265.0, 263.0, 277.0, 275.0, 255.0, 260.0, 262.0, 267.0, 270.0, 280.0]"
2023-08-12,241.747,243.757,238.176,242.526,NONE,"[239.5, 238.5, 240.0, 242.0, 238.0, 237.0, 220.0, 210.0]","[250.0, 252.0, 263.0, 280.0, 270.0, 265.0]"
2023-08-13,241.747,243.757,238.176,242.526,NONE,"[240.0, 238.0, 239.0]","[243.0, 244.0]"
2023-08-16,227.717,233.827,225.347,225.476,NONE,"[192.0, 207.0, 220.0, 235.0, 233.0]","[240.0, 242.0, 250.0, 255.0, 260.0]"
2023-08-17,226.036,226.647,218.816,219.157,NONE,"[230.0, 220.0, 210.0, 200.0]","[240.0, 300.0, 280.0, 270.0]"
2023-08-18,213.887,217.516,212.357,215.557,NONE,"[220.0, 210.0, 200.0]","[260.0, 240.0]"
2023-08-19,213.887,217.516,212.357,215.557,NONE,"[210.0, 203.0, 204.0, 200.0]","[244.5, 255.0, 265.0, 270.0]"
2023-08-20,213.887,217.516,212.357,215.557,NONE,"[212.5, 210.0, 205.0, 200.0]","[220.0, 245.0, 266.0, 270.0]"
2023-08-30,254.156,260.466,250.586,256.846,NONE,"[210.0, 220.0, 236.0, 238.0]","[240.0, 242.0, 245.0, 255.0, 266.0, 270.0]"
2023-08-31,255.937,261.126,255.017,257.507,NONE,[240.0],"[265.0, 270.0]"
2023-09-01,257.197,259.006,242.496,244.967,NONE,"[245.0, 243.0, 242.0, 230.0]","[260.0, 267.0, 270.0, 277.0, 280.0]"
2023-09-03,257.197,259.006,242.496,244.967,NONE,"[240.0, 242.0, 239.0, 225.0, 160.0, 233.0]","[250.0, 267.0, 270.0]"
2023-09-07,244.937,252.787,243.206,251.397,SHORT,"[210.0, 220.0]","[256.49, 260.0, 267.0, 270.0, 300.0]"
2023-09-08,251.297,256.457,246.656,248.406,SHORT,"[240.0, 245.0]","[252.0, 265.5, 270.0]"
2023-09-09,251.297,256.457,246.656,248.406,NONE,[240.0],"[270.0, 250.0, 260.0]"
2023-09-10,251.297,256.457,246.656,248.406,SHORT,"[240.0, 220.0]","[260.0, 270.0]"
2023-09-13,269.756,274.906,268.097,271.186,NONE,"[243.0, 250.0, 266.0, 267.0]","[270.0, 272.0, 285.0, 300.0, 400.0]"
2023-09-14,271.106,276.687,270.286,275.966,SHORT,"[266.0, 250.0]","[270.0, 278.0, 300.0]"
2023-09-15,277.356,278.857,271.016,274.227,NONE,"[255.0, 256.0, 267.0, 270.0]","[275.0, 280.0, 285.0]"
2023-09-16,277.356,278.857,271.016,274.227,NONE,[275.0],"[280.0, 285.0, 290.0, 300.0]"
2023-09-17,277.356,278.857,271.016,274.227,NONE,[250.0],"[275.0, 280.0, 300.0]"
2023-09-20,267.016,273.897,262.426,262.537,NONE,"[266.0, 267.0, 270.0, 262.0, 260.0, 255.0, 248.0, 248.5]","[267.0, 270.0, 300.0]"
2023-09-21,257.756,260.797,254.197,255.497,SHORT,"[260.0, 262.0, 255.0, 248.5, 200.0, 220.0]","[270.0, 274.0]"
2023-09-22,257.366,257.687,244.446,244.707,SHORT,"[260.0, 255.0, 248.0]","[270.0, 267.0, 274.0]"
2023-09-23,257.366,257.687,244.446,244.707,NONE,"[255.0, 252.0, 220.0, 230.0, 248.0, 254.0, 253.0]","[260.0, 262.0, 270.0]"
2023-09-24,257.366,257.687,244.446,244.707,NONE,"[240.0, 242.0, 239.0, 238.0, 210.0]","[260.0, 278.0, 255.0]"
2023-09-27,244.287,245.257,234.557,240.476,NONE,[240.0],"[260.0, 255.0]"
2023-09-28,240.186,247.476,238.596,246.287,NONE,"[240.0, 239.99, 230.0]","[250.0, 255.0, 260.0]"
2023-09-29,249.796,254.727,246.346,250.167,NONE,"[235.0, 230.0, 242.5]",[240.0]
2023-09-30,249.796,254.727,246.346,250.167,LONG,"[235.0, 230.0, 242.5, 243.0]","[251.0, 253.0, 250.0, 255.0, 260.0]"
2023-10-01,249.796,254.727,246.346,250.167,NONE,[250.0],[260.0]
2023-10-04,248.056,261.827,247.506,261.007,NONE,"[240.0, 235.0]",[260.0]
2023-10-05,259.906,263.576,256.236,259.927,NONE,"[244.0, 240.0, 242.0, 235.0, 200.0, 170.0]","[252.0, 250.5, 257.5, 258.0, 280.0, 300.0, 275.0]"
2023-10-06,253.856,261.627,250.647,260.436,NONE,[255.0],"[260.0, 262.5, 263.0, 261.0]"
2023-10-07,253.856,261.627,250.647,260.436,NONE,[255.0],"[260.0, 263.0]"
2023-10-08,253.856,261.627,250.647,260.436,LONG,"[250.0, 251.0]","[263.0, 270.0, 280.0]"
2023-10-11,266.186,268.567,260.887,262.926,NONE,[255.0],"[260.0, 261.0, 262.0, 263.0, 270.0]"
2023-10-12,262.797,265.367,256.626,258.846,LONG,"[262.0, 263.0]","[267.0, 270.0, 280.0]"
2023-10-13,258.797,259.516,250.216,251.006,NONE,"[260.0, 240.0, 250.0]","[270.0, 280.0]"
2023-10-14,258.797,259.516,250.216,251.006,NONE,"[255.0, 240.0]","[260.0, 270.0]"
2023-10-15,258.797,259.516,250.216,251.006,SHORT,"[240.0, 210.0, 200.0, 250.0, 251.0, 253.0]","[300.0, 270.0]"
2023-10-18,252.767,254.577,242.066,242.396,NONE,"[250.0, 251.0, 234.0, 235.0, 210.0, 240.0, 241.0, 242.0, 245.0, 246.0]","[300.0, 280.0, 270.0, 256.0, 265.0]"
2023-10-19,225.786,230.506,216.766,220.027,NONE,"[252.0, 250.0, 247.0, 246.0, 240.0, 242.0]","[256.0, 265.0, 270.0]"
2023-10-20,216.827,218.797,210.416,211.896,LONG,"[246.0, 247.0, 240.0, 242.0]",[]
2023-10-21,216.827,218.797,210.416,211.896,NONE,"[207.0, 210.0, 200.0, 180.0, 150.0, 160.0]","[240.0, 250.0]"
2023-10-22,216.827,218.797,210.416,211.896,NONE,"[207.0, 210.0, 200.0, 206.0]","[240.0, 242.0]"
2023-10-25,215.827,220.067,212.176,212.347,NONE,"[202.0, 205.0, 206.0, 207.0, 175.0]","[213.0, 215.0, 216.0, 230.0, 232.0, 260.0]"
2023-10-26,211.266,214.747,204.866,205.587,SHORT,"[212.0, 210.0, 205.0, 206.0, 207.0, 203.0, 204.0, 180.0]","[216.0, 230.0, 240.0, 242.0, 266.0]"
2023-10-27,210.496,212.357,205.756,207.217,LONG,"[210.0, 212.0, 205.0, 180.0, 200.0]","[220.0, 230.0, 240.0]"
2023-10-28,210.496,212.357,205.756,207.217,LONG,"[200.0, 180.0]","[210.0, 215.0, 220.0, 230.0, 240.0]"
2023-10-29,210.496,212.357,205.756,207.217,NONE,[180.0],"[200.0, 215.0, 216.0, 220.0, 233.0, 240.0]"
2023-11-01,204.017,205.967,197.827,205.536,LONG,"[180.0, 185.0]","[200.0, 205.0]"
2023-11-02,212.896,219.167,211.436,218.497,LONG,"[180.0, 190.0]","[205.0, 206.0, 210.0, 212.0, 217.0, 220.0, 230.0, 240.0, 252.0, 255.0]"
2023-11-03,221.147,226.326,218.396,219.867,LONG,[],"[205.0, 206.0, 210.0, 212.0, 220.0, 230.0, 240.0, 242.0, 250.0, 255.0]"
2023-11-04,221.147,226.326,218.396,219.867,LONG,"[206.0, 212.0]","[220.0, 225.0, 230.0, 240.0, 242.0, 244.0, 250.0, 251.0]"
2023-11-05,221.147,226.326,218.396,219.867,LONG,"[194.0, 218.0, 206.0, 210.0, 212.0]","[220.0, 230.0, 240.0, 242.0, 250.0]"
2023-11-08,223.006,224.077,217.626,222.036,SHORT,"[219.0, 218.0, 212.0, 210.0, 208.0, 206.0]","[220.0, 221.0, 223.0, 224.0, 225.0]"
2023-11-09,219.516,220.706,206.667,209.856,NONE,"[218.0, 217.0, 216.0, 215.0, 212.0, 206.0]","[222.3, 230.0, 250.0]"
2023-11-10,209.917,215.347,205.587,214.617,NONE,"[216.0, 217.0, 215.0, 206.0, 208.0, 200.0, 210.0, 212.0]","[225.0, 223.0, 224.0, 230.0, 235.0, 240.0, 242.0]"
2023-11-11,209.917,215.347,205.587,214.617,SHORT,"[206.0, 200.0, 180.0, 205.73]","[214.0, 210.0, 212.0, 215.0, 217.5, 218.0]"
2023-11-12,209.917,215.347,205.587,214.617,NONE,"[200.0, 194.0, 195.0, 180.0]","[220.0, 221.0, 230.0, 240.0]"
2023-11-15,238.896,246.656,236.417,242.837,LONG,"[220.0, 218.0, 219.0]",[225.0]
2023-11-16,239.376,240.816,230.947,233.357,SHORT,[223.0],"[240.0, 241.0, 242.0, 245.0, 250.0]"
2023-11-17,231.976,237.346,226.536,234.346,SHORT,"[241.0, 220.0, 230.0]","[245.0, 248.2]"
2023-11-18,231.976,237.346,226.536,234.346,LONG,"[230.0, 225.0, 222.0]","[240.0, 245.0, 247.0]"
2023-11-19,231.976,237.346,226.536,234.346,LONG,"[226.0, 225.0, 222.0]","[240.5, 250.0, 270.0, 275.0, 280.0, 300.0]"
2023-11-22,241.776,243.947,231.436,234.336,NONE,"[225.0, 227.0, 223.0, 220.0]","[240.0, 242.0, 248.0, 250.0, 255.0, 260.0, 265.0]"
2023-11-23,241.776,243.947,231.436,234.336,LONG,[240.0],"[248.0, 250.0, 255.0, 260.0]"
2023-11-24,233.726,238.727,232.306,237.297,LONG,"[230.0, 225.0, 223.0]","[240.0, 250.0, 255.0, 260.0, 265.0]"
2023-11-25,233.726,238.727,232.306,237.297,LONG,"[230.0, 225.0, 226.0]",[240.0]
2023-11-29,248.897,252.726,242.737,244.146,NONE,"[195.0, 215.0, 216.0, 220.0, 223.0, 230.0]","[240.0, 250.0, 260.0]"
2023-11-30,244.716,245.106,236.876,239.477,LONG,"[230.0, 240.0]","[250.0, 251.0, 252.0, 253.0, 265.0]"
2023-12-01,232.896,240.157,231.896,238.317,LONG,"[244.0, 250.0, 238.0, 230.0, 233.0, 234.0]","[250.0, 252.75, 243.0]"
2023-12-02,232.896,240.157,231.896,238.317,LONG,"[240.0, 238.0, 233.5, 230.0, 250.0]","[250.0, 260.0, 270.0]"
2023-12-03,232.896,240.157,231.896,238.317,LONG,"[230.0, 227.0, 228.0, 224.0, 216.0, 211.0, 194.0]","[240.0, 250.0]"
2023-12-06,242.747,246.517,239.146,239.297,LONG,"[234.0, 230.0, 224.0, 205.0]","[240.0, 242.0, 245.0, 250.0]"
2023-12-07,241.406,244.037,236.876,242.547,NONE,"[231.5, 230.0, 226.0]","[240.0, 242.0, 245.0, 249.0, 250.0, 260.0, 270.0]"
2023-12-08,240.137,245.236,239.266,243.657,LONG,"[233.0, 234.0, 230.0, 215.0, 210.0, 209.0, 200.0]","[246.5, 247.0, 250.0]"
2023-12-09,240.137,245.236,239.266,243.657,LONG,"[195.0, 230.0]","[243.0, 246.0, 247.0, 250.0]"
2023-12-10,240.137,245.236,239.266,243.657,NONE,"[240.0, 236.0, 230.0]","[243.0, 246.12, 270.0, 260.0]"
2023-12-13,234.106,240.266,228.196,239.097,NONE,"[237.0, 230.0, 226.0, 224.0, 200.0, 213.0]","[247.0, 250.0, 270.0]"
2023-12-14,241.096,253.857,240.576,251.067,LONG,[233.8],[237.0]
2023-12-15,250.756,254.077,248.246,253.097,LONG,"[228.0, 230.0, 239.0]","[240.0, 242.0, 243.0, 245.0, 246.0]"
2023-12-16,250.756,254.077,248.246,253.097,LONG,[251.0],"[260.0, 262.0, 265.0]"
2023-12-17,250.756,254.077,248.246,253.097,LONG,[250.0],"[260.0, 265.0, 270.0]"
2023-12-20,256.016,259.797,246.636,247.056,LONG,"[252.0, 240.0, 245.0, 246.0]",[265.0]
2023-12-21,251.796,254.767,248.536,254.436,NONE,"[105.0, 240.0]","[258.0, 260.0, 265.0]"
2023-12-22,256.647,258.127,251.366,252.497,LONG,"[245.0, 242.0, 243.0, 240.0, 230.0, 220.0, 214.0]","[260.0, 265.0]"
2023-12-23,256.647,258.127,251.366,252.497,LONG,"[242.0, 247.0, 255.0]","[253.5, 265.0]"
2023-12-24,256.647,258.127,251.366,252.497,LONG,"[250.0, 240.0, 230.0]","[258.0, 260.0, 265.0]"
2023-12-28,263.626,265.047,252.656,253.207,NONE,[250.0],"[258.0, 260.0, 265.0]"
2023-12-29,254.866,255.057,247.396,248.347,LONG,"[258.0, 26.0]","[265.0, 270.0, 280.0]"
2023-12-30,254.866,255.057,247.396,248.347,NONE,"[254.0, 240.0, 230.0]",[265.0]
2023-12-31,254.866,255.057,247.396,248.347,NONE,"[240.0, 237.0, 230.0, 220.0, 215.0]","[265.0, 270.0, 254.0, 258.0]"
2024-01-04,238.996,242.657,237.706,237.967,NONE,"[235.0, 240.0]","[260.0, 265.0]"
2024-01-05,236.726,240.067,234.996,237.406,LONG,"[230.0, 236.0, 237.0]","[240.0, 241.0, 242.0, 245.0, 246.0, 265.0]"
2024-01-06,236.726,240.067,234.996,237.406,NONE,"[236.0, 230.0]","[240.0, 242.0, 245.0, 246.0, 270.0]"
2024-01-07,236.726,240.067,234.996,237.406,NONE,"[237.0, 230.0]","[240.0, 242.0, 245.0]"
2024-01-10,235.047,235.426,231.247,233.647,NONE,[230.0],"[246.5, 250.0, 265.0]"
2024-01-11,230.466,230.887,225.346,227.037,NONE,[230.0],[250.0]
2024-01-12,219.887,225.307,217.146,218.306,LONG,"[230.0, 231.0, 231.5, 232.0, 226.0]","[236.0, 237.0, 240.0, 244.0, 248.0, 252.0]"
2024-01-13,219.887,225.307,217.146,218.306,NONE,[224.0],"[233.0, 234.0, 245.0, 277.0]"
2024-01-14,219.887,225.307,217.146,218.306,NONE,"[218.0, 211.3]","[265.0, 240.0]"
2024-01-18,216.547,217.307,208.697,211.816,NONE,"[218.0, 100.0]","[28.5, 231.0, 237.0, 238.0, 242.0, 270.0]"
2024-01-19,209.726,213.157,207.556,212.097,LONG,[212.5],"[218.5, 240.0]"
2024-01-20,209.726,213.157,207.556,212.097,NONE,"[208.0, 150.0, 193.0, 180.0, 170.0, 212.0, 212.5, 210.0]","[218.5, 230.0, 220.0]"
2024-01-21,209.726,213.157,207.556,212.097,NONE,"[212.2, 195.0, 200.0]",[230.0]
2024-01-24,211.767,212.667,206.766,207.797,NONE,"[217.0, 194.0]",[220.0]
2024-01-25,189.477,192.616,180.046,182.546,NONE,"[210.0, 200.0, 170.0, 180.0]","[213.0, 214.0]"
2024-01-26,185.396,186.456,182.096,183.206,NONE,"[195.0, 206.0, 194.0]","[230.0, 235.0, 240.0, 250.0, 260.0]"
2024-01-27,185.396,186.456,182.096,183.206,SHORT,"[176.0, 178.0]","[180.0, 195.0, 200.0, 210.0, 220.0, 232.0]"
2024-01-28,185.396,186.456,182.096,183.206,LONG,"[177.0, 176.0]","[200.0, 212.0, 222.0, 232.0, 230.0]"
2024-01-31,186.887,193.877,185.796,187.196,NONE,[182.0],"[195.0, 200.0, 210.0, 215.0, 220.0, 230.0]"
2024-02-01,188.277,189.776,184.236,188.816,LONG,"[180.0, 177.0]","[195.0, 200.0]"
2024-02-02,184.967,188.647,182.176,187.747,LONG,"[180.0, 177.0]","[195.0, 196.0, 200.0, 210.0, 220.0, 230.0]"
2024-02-03,184.967,188.647,182.176,187.747,LONG,"[180.0, 143.0, 132.0, 113.0, 177.0]","[191.0, 195.0, 210.0, 212.0, 222.0, 232.0, 227.0, 234.0, 248.0]"
2024-02-04,184.967,188.647,182.176,187.747,NONE,[182.0],"[188.0, 195.0, 207.0, 209.0]"
2024-02-07,188.146,189.767,182.666,187.507,LONG,"[175.0, 176.0, 180.0]","[185.0, 195.0, 210.0, 219.0, 230.0]"
2024-02-08,188.866,191.587,185.547,189.467,LONG,"[175.0, 176.0, 180.0, 190.0]","[195.0, 210.0, 220.0, 230.0]"
2024-02-09,190.146,194.037,189.386,193.537,LONG,"[183.0, 184.0, 180.0, 181.0, 170.0]","[190.0, 194.0, 195.0, 210.0]"
2024-02-10,190.146,194.037,189.386,193.537,NONE,"[182.0, 422.0]",[191.0]
2024-02-11,190.146,194.037,189.386,193.537,LONG,"[194.0, 195.0, 190.0, 189.0]","[207.0, 220.0, 230.0, 232.0, 233.0, 235.0, 265.0]"
2024-02-14,185.007,188.856,183.337,188.447,LONG,"[182.0, 183.0]","[194.0, 195.0]"
2024-02-15,189.166,200.867,188.796,200.446,LONG,"[180.0, 182.0, 177.75]","[194.0, 195.0]"
2024-02-16,201.997,203.127,197.376,199.917,LONG,"[180.0, 182.0]","[193.0, 195.0, 196.0, 210.0, 230.0]"
2024-02-17,201.997,203.127,197.376,199.917,LONG,"[193.0, 195.0]","[205.0, 210.0, 230.0, 245.0]"
2024-02-18,201.997,203.127,197.376,199.917,LONG,"[195.0, 202.0]","[207.0, 210.0, 212.0, 220.0, 230.0, 250.0]"
2024-02-22,194.107,198.297,191.336,197.256,NONE,"[193.0, 195.0, 190.0, 191.0]","[197.0, 209.0, 210.0]"
2024-02-23,195.296,197.507,191.706,191.816,NONE,"[193.0, 194.0, 195.0]","[200.0, 197.0, 210.0, 207.0]"
2024-02-24,195.296,197.507,191.706,191.816,LONG,"[194.0, 195.0, 177.0]","[207.0, 210.0, 220.0, 230.0]"
2024-02-25,195.296,197.507,191.706,191.816,NONE,"[185.0, 180.0, 170.0, 160.0]","[197.0, 191.8]"
2024-02-28,200.097,205.257,198.377,202.017,LONG,"[196.0, 194.0, 182.0]","[200.0, 207.0, 210.0, 209.0, 220.0, 230.0, 234.0]"
2024-02-29,204.177,205.217,198.437,201.716,NONE,"[198.0, 197.0, 196.0, 180.0, 195.0, 193.0]","[202.0, 203.0, 207.0, 210.0, 220.0, 230.0, 250.0]"
2024-03-01,200.416,204.467,198.496,202.567,NONE,"[198.23, 198.0, 200.0, 200.34, 201.0]","[202.5, 205.62, 207.0, 210.0, 230.0]"
2024-03-02,200.416,204.467,198.496,202.567,NONE,"[198.0, 195.0]","[205.0, 206.0, 207.0, 208.0]"
2024-03-03,200.416,204.467,198.496,202.567,NONE,"[198.0, 197.5]","[205.5, 204.0]"
2024-03-06,179.996,181.477,173.696,176.437,NONE,"[175.0, 180.0, 160.0, 170.0]","[196.0, 198.0, 200.0, 220.0]"
2024-03-07,174.146,179.987,173.696,178.576,NONE,"[180.0, 170.0, 160.0]","[182.0, 188.0, 191.0, 193.0, 195.0, 198.0, 205.0, 230.0, 240.0]"
2024-03-08,181.396,182.577,174.696,175.336,NONE,"[172.0, 165.0]","[180.0, 190.0]"
2024-03-09,181.396,182.577,174.696,175.336,NONE,"[170.0, 165.0, 174.0]","[180.0, 183.0, 190.0]"
2024-03-10,181.396,182.577,174.696,175.336,NONE,"[175.34, 175.0, 173.0, 162.0, 165.0, 160.0, 180.0]",[]
2024-03-13,172.977,175.927,169.146,169.477,NONE,"[100.0, 111.14, 175.0, 160.0, 165.0, 174.5]","[182.0, 188.0, 190.0]"
2024-03-14,167.606,171.127,160.506,162.506,NONE,"[175.0, 160.0, 165.0]","[180.0, 182.0, 190.0]"
2024-03-15,162.937,165.157,160.766,163.536,NONE,"[169.5, 169.4, 165.0, 160.0, 150.0, 107.0]","[175.0, 190.0, 200.0, 180.0]"
2024-03-16,162.937,165.157,160.766,163.536,SHORT,"[150.0, 140.0, 69.0, 100.0, 130.0]","[165.0, 166.0, 170.0, 180.0]"
2024-03-17,162.937,165.157,160.766,163.536,SHORT,"[152.0, 150.0, 140.0, 100.0, 70.0]","[164.0, 165.0, 167.0, 168.0, 182.0, 205.0, 198.0]"
2024-03-20,172.856,176.227,170.796,175.697,NONE,"[160.0, 140.0, 165.0, 150.0]","[175.0, 206.0, 180.0, 185.0]"
2024-03-21,176.296,178.106,171.796,172.746,NONE,"[160.0, 167.5, 140.0, 150.0]","[175.0, 173.0, 182.0, 183.0]"
2024-03-22,166.577,171.166,166.207,170.707,NONE,"[173.0, 175.0, 167.5, 160.0, 150.0]","[175.73, 181.0, 183.0, 184.0, 182.0, 185.0, 205.0, 206.0]"
2024-03-23,166.577,171.166,166.207,170.707,NONE,"[173.7, 160.0]","[175.0, 180.0]"
2024-03-24,166.577,171.166,166.207,170.707,SHORT,"[165.9, 160.0, 150.0, 140.0]","[178.18, 180.0, 185.0, 190.0]"
2024-03-27,181.386,181.847,175.996,179.837,NONE,"[170.0, 150.0, 140.0, 168.0, 167.0, 166.0]","[175.0, 180.0]"
2024-03-28,177.167,179.517,175.306,175.957,NONE,"[175.0, 174.5]","[183.0, 178.18, 192.0]"
2024-03-29,177.167,179.517,175.306,175.957,LONG,"[175.0, 174.3, 173.0, 160.0]","[183.5, 205.0, 230.0, 240.0]"
2024-03-30,177.167,179.517,175.306,175.957,NONE,"[175.0, 174.0, 173.0, 160.0, 140.0]","[183.0, 185.0, 188.0, 205.0]"
2024-04-03,164.033,168.787,163.267,168.337,NONE,"[175.0, 172.5, 170.0, 150.0, 140.0]","[175.67, 175.69, 185.0]"
2024-04-04,170.046,177.156,167.996,171.046,NONE,"[140.0, 150.0, 166.25]","[171.0, 175.0, 183.0]"
2024-04-05,168.996,170.827,160.506,164.847,NONE,"[160.0, 140.0, 150.0]","[172.0, 175.0, 183.0, 205.0, 230.0]"
2024-04-06,168.996,170.827,160.506,164.847,NONE,"[167.0, 160.0, 150.0, 140.0]","[175.0, 182.0, 183.0, 200.0]"
2024-04-07,168.996,170.827,160.506,164.847,NONE,"[160.0, 150.0, 140.0]","[170.0, 173.0, 174.0, 175.0, 183.5, 200.0]"
2024-04-10,172.996,174.897,169.996,171.736,NONE,"[165.0, 167.0, 169.0]","[173.0, 174.5, 175.0, 183.5]"
2024-04-11,172.426,175.866,168.506,174.507,LONG,"[173.0, 175.0]","[182.5, 183.0, 200.0, 205.0, 260.0]"
2024-04-12,172.266,173.717,170.356,170.996,NONE,"[160.0, 165.0, 167.5, 169.0, 170.69]",[183.0]
2024-04-13,172.266,173.717,170.356,170.996,NONE,"[160.0, 162.5, 167.5, 168.5]","[175.0, 179.0, 183.0]"
2024-04-14,172.266,173.717,170.356,170.996,NONE,"[168.5, 160.0]","[175.0, 179.0, 183.0]"
2024-04-17,157.597,158.296,153.767,155.367,NONE,"[168.5, 160.5, 150.0, 140.0]","[179.0, 183.0]"
2024-04-18,151.097,152.177,148.666,149.826,NONE,"[150.0, 140.0, 125.0, 144.0]","[160.0, 167.5]"
2024-04-19,148.637,150.886,146.206,147.007,NONE,"[150.0, 152.0, 154.0, 140.0]","[160.0, 170.0]"
2024-04-20,148.637,150.886,146.206,147.007,NONE,"[140.0, 144.43]","[153.0, 154.0, 160.0]"
2024-04-21,148.637,150.886,146.206,147.007,NONE,"[140.0, 150.0]","[160.0, 183.0]"
2024-04-24,162.617,167.927,157.527,161.976,NONE,[140.0],"[152.0, 160.0, 182.0, 180.0, 200.0]"
2024-04-25,158.847,170.767,158.356,170.197,NONE,"[138.0, 140.0, 100.0, 120.0]","[160.0, 183.0, 180.0, 230.0]"
2024-04-26,168.856,172.097,166.366,168.226,LONG,"[150.0, 154.0, 160.0]","[172.0, 183.0, 180.0]"
2024-04-27,168.856,172.097,166.366,168.226,LONG,"[150.0, 160.0, 170.0]","[172.0, 180.0, 183.0, 190.0, 230.0]"
2024-04-28,168.856,172.097,166.366,168.226,NONE,"[150.0, 155.0, 160.0, 162.0, 168.29, 172.0, 176.69, 177.0]","[172.0, 180.0, 182.0, 230.0]"
2024-05-01,181.826,185.807,178.997,179.887,LONG,"[140.0, 160.0, 170.0, 172.0, 175.0, 183.0]","[183.0, 198.0, 205.0, 220.0, 230.0]"
2024-05-02,182.896,184.527,175.996,179.977,LONG,"[183.0, 182.0, 181.0, 180.0, 175.0, 173.0, 170.0, 161.0]",[190.0]
2024-05-03,182.097,184.717,178.416,181.117,LONG,"[183.0, 175.0, 173.0, 160.0]",[200.0]
2024-05-04,182.097,184.717,178.416,181.117,NONE,"[176.0, 172.0, 175.0, 170.0, 168.0]","[194.0, 190.0, 200.0, 220.0, 230.0]"
2024-05-05,182.097,184.717,178.416,181.117,SHORT,"[173.0, 168.0, 172.0]","[185.0, 190.0, 205.0, 230.0, 145.0]"
2024-05-08,171.507,176.016,170.136,174.607,SHORT,"[175.0, 170.0]","[186.0, 187.0, 190.0, 200.0, 205.0, 185.5, 184.73]"
2024-05-09,175.016,175.536,171.366,171.897,SHORT,"[175.0, 172.0, 173.0, 176.0]","[195.0, 190.0]"
2024-05-10,172.776,173.007,167.746,168.426,LONG,"[172.0, 170.0, 168.3, 160.0]","[179.0, 183.0, 185.0, 205.0, 220.0, 230.0]"
2024-05-11,172.776,173.007,167.746,168.426,LONG,"[170.0, 168.38, 163.0, 160.0]","[177.0, 183.0, 185.0, 199.0, 205.0, 220.0, 230.0]"
2024-05-12,172.776,173.007,167.746,168.426,NONE,"[168.5, 167.5, 163.0, 162.0, 160.0, 140.0]","[170.0, 172.0, 173.0, 177.0, 180.0, 185.0]"
2024-05-15,179.896,179.906,173.097,173.937,LONG,"[170.0, 168.5, 167.0, 163.0, 160.0]","[175.0, 176.0, 177.0, 180.0, 185.0, 187.0, 200.0, 205.0]"
2024-05-16,174.036,175.757,171.427,174.797,LONG,"[172.0, 170.0, 173.0, 171.0]","[180.0, 177.0, 183.0, 191.0]"
2024-05-17,173.526,179.617,172.727,177.566,NONE,"[172.0, 170.0, 168.0, 163.0, 160.0, 140.0]","[180.0, 185.0, 205.0, 220.0, 230.0]"
2024-05-18,173.526,179.617,172.727,177.566,NONE,"[172.0, 163.0, 160.0, 170.0, 168.0, 171.0]","[182.0, 185.0, 180.0, 190.0, 205.0, 440.0, 430.0, 520.0, 515.0]"
2024-05-19,173.526,179.617,172.727,177.566,LONG,"[172.0, 168.5, 170.0, 171.0, 169.0, 174.0, 175.0, 163.0, 160.0]","[190.0, 180.0, 200.0, 205.0]"
2024-05-22,182.746,183.757,178.116,180.087,NONE,"[160.0, 163.0, 168.0, 170.0, 173.5, 175.0]","[177.52, 180.0, 185.0, 188.0]"
2024-05-23,181.696,181.697,173.246,173.727,LONG,"[179.5, 180.0, 181.0, 182.0]",[187.25]
2024-05-24,174.796,180.056,173.696,179.117,LONG,"[179.0, 176.0, 177.0, 175.0]","[185.0, 200.0, 205.0]"
2024-05-25,174.796,180.056,173.696,179.117,SHORT,"[171.0, 172.0, 173.0, 168.0, 167.0, 161.0, 160.0, 145.0, 140.0]","[177.0, 183.0, 182.0, 220.0]"
2024-05-26,174.796,180.056,173.696,179.117,NONE,"[173.0, 168.0, 160.0, 163.0]","[183.0, 185.0, 205.0, 220.0, 230.0]"
2024-05-30,178.217,182.636,175.366,178.707,NONE,"[173.0, 170.0, 168.0, 163.0, 160.0]","[183.0, 185.0, 193.0, 198.0, 205.0]"
2024-05-31,178.456,180.267,173.806,178.057,NONE,"[173.0, 170.0, 168.0, 163.0, 160.0]",[182.0]
2024-06-01,178.456,180.267,173.806,178.057,NONE,"[175.0, 173.5, 173.0, 170.0, 168.0, 163.0, 160.0]","[182.0, 183.0]"
2024-06-02,178.456,180.267,173.806,178.057,NONE,"[173.5, 173.0, 160.0]","[180.0, 181.0, 182.0, 183.0, 190.0, 195.0]"
2024-06-05,175.286,176.117,172.126,174.926,NONE,"[173.0, 170.0, 168.0, 160.0]","[180.0, 181.0, 183.0, 185.0]"
2024-06-06,174.346,179.707,172.726,177.496,SHORT,"[173.0, 170.0, 168.0, 163.0, 160.0]","[181.0, 185.0, 198.0, 205.0, 220.0, 230.0]"
2024-06-07,176.017,179.317,175.537,177.366,NONE,"[173.0, 168.0, 170.0, 162.0, 163.0]","[178.0, 180.0, 181.0, 183.0, 185.0, 200.0]"
2024-06-08,176.017,179.317,175.537,177.366,NONE,"[173.0, 175.0, 176.0, 168.0, 170.0, 160.0, 163.0]","[179.0, 180.0, 181.0, 183.0, 185.0]"
2024-06-09,176.017,179.317,175.537,177.366,NONE,"[173.0, 170.0, 168.0, 160.0, 163.0]","[179.0, 181.0, 180.0, 185.0]"
2024-06-12,171.096,180.516,169.796,177.216,NONE,"[173.0, 170.0, 168.0, 160.0, 163.0]","[180.0, 183.0, 185.0, 198.0, 205.0]"
2024-06-13,188.217,190.957,181.257,182.397,NONE,"[168.0, 170.0, 160.0, 163.0, 173.0, 172.0]","[173.0, 172.0]"
2024-06-14,185.556,185.847,176.897,177.876,NONE,"[173.0, 168.0]","[180.0, 185.0]"
2024-06-15,185.556,185.847,176.897,177.876,LONG,"[181.0, 182.0, 179.0, 176.0]","[190.0, 187.0, 198.0, 205.0, 210.0]"
2024-06-16,185.556,185.847,176.897,177.876,LONG,"[177.0, 179.0, 175.0]","[180.0, 190.0, 191.0, 200.0, 205.0]"
2024-06-19,186.397,187.016,182.356,184.826,LONG,"[183.0, 185.0, 178.0, 179.0, 180.0]","[188.8, 191.0, 198.0, 205.0]"
2024-06-20,184.387,185.157,179.626,181.566,LONG,"[180.0, 181.0, 170.0]","[186.3, 188.0, 189.0, 191.0, 198.0, 200.0, 205.0]"
2024-06-22,182.176,183.906,180.666,182.936,LONG,"[180.0, 179.0, 170.0, 182.5]","[188.0, 190.0, 191.0, 198.0, 200.0, 205.0]"
2024-06-23,182.176,183.906,180.666,182.936,LONG,"[170.0, 168.0, 160.0, 172.0, 173.0, 178.0, 180.0]","[187.0, 191.0, 195.0, 200.0, 220.0]"
2024-06-26,186.496,197.717,186.316,196.286,LONG,"[180.0, 170.0, 177.0, 470.0]","[187.0, 191.0, 200.0, 205.0, 207.0, 220.0]"
2024-06-27,195.076,198.676,194.116,197.346,LONG,[187.0],"[191.0, 200.0]"
2024-06-28,199.496,203.167,195.216,197.896,SHORT,"[191.0, 187.0]","[198.0, 205.0, 220.0]"
2024-06-29,199.496,203.167,195.216,197.896,NONE,"[191.0, 187.0]","[205.0, 220.0]"
2024-06-30,199.496,203.167,195.216,197.896,NONE,"[183.0, 171.0, 180.0, 160.0, 168.0]","[205.0, 220.0]"
2024-07-03,234.557,248.306,234.216,246.537,NONE,"[205.0, 186.0, 199.0, 200.0, 191.0, 187.0]","[212.0, 220.0, 230.0]"
2024-07-04,234.557,248.306,234.216,246.537,NONE,"[205.0, 200.0, 191.0, 185.0, 187.0, 212.0]","[230.0, 245.0, 265.0]"
2024-07-04,234.557,248.306,234.216,246.537,NONE,[],"[240.0, 245.0, 246.0, 260.0, 265.0]"
2024-07-07,249.826,252.157,242.406,251.266,NONE,[250.0],"[255.0, 265.0]"
2024-07-10,262.696,267.547,257.827,263.216,NONE,"[250.0, 247.0, 245.0, 230.0, 220.0, 211.0, 200.0]","[260.0, 265.0]"
2024-07-11,263.236,270.786,239.636,240.637,NONE,"[245.0, 240.0, 220.0, 200.0, 186.0]","[265.0, 270.0, 280.0]"
2024-07-12,235.697,251.787,233.047,247.806,NONE,"[264.2, 250.0, 220.0, 230.0, 245.0]","[265.0, 268.0, 280.0, 291.0, 300.0]"
2024-07-13,235.697,251.787,233.047,247.806,SHORT,"[230.0, 185.0, 210.0, 189.0, 204.0, 220.0]","[250.0, 260.0, 270.0]"
2024-07-14,235.697,251.787,233.047,247.806,SHORT,"[230.0, 232.0, 220.0, 207.0]",[252.0]
2024-07-17,252.737,258.406,246.147,247.766,NONE,"[232.0, 248.0]","[265.0, 270.0]"
2024-07-18,251.076,257.067,247.157,248.796,NONE,"[246.0, 253.0, 252.0, 254.0, 220.0]","[265.0, 260.0, 270.0, 280.0]"
2024-07-19,247.787,248.926,236.807,238.937,NONE,"[245.0, 230.0, 22.5, 220.0]","[257.0, 255.0]"
2024-07-20,247.787,248.926,236.807,238.937,SHORT,"[240.0, 220.0, 230.0, 213.0]","[255.0, 265.0, 270.0]"
2024-07-21,247.787,248.926,236.807,238.937,SHORT,"[215.0, 213.0, 210.0, 233.0, 200.0]","[245.0, 300.0, 270.0]"
2024-07-24,225.017,225.917,214.637,215.626,NONE,"[251.0, 250.0, 215.0, 213.0]","[265.0, 270.0]"
2024-07-25,216.737,225.946,216.196,220.197,NONE,"[246.0, 233.0, 212.0, 213.0]",[270.0]
2024-07-26,220.996,222.147,215.326,219.207,LONG,"[215.5, 213.0, 209.0, 210.0, 211.0, 205.0]","[217.0, 218.0]"
2024-07-27,220.996,222.147,215.326,219.207,NONE,"[216.0, 215.0, 210.0, 211.0, 205.0]","[225.0, 226.0, 235.0]"
2024-07-28,220.996,222.147,215.326,219.207,NONE,"[215.0, 216.0, 214.0, 210.0, 211.0, 205.0, 200.0]","[225.0, 226.0, 235.0, 239.0]"
2024-07-31,227.586,234.616,226.736,231.966,NONE,"[215.0, 205.0, 200.0, 225.0, 226.0, 230.0]","[235.0, 237.0, 238.9, 245.0, 250.0, 265.0, 280.0]"
2024-08-01,227.266,231.817,214.296,216.877,NONE,"[225.0, 215.0, 205.0, 200.0, 224.0, 226.0]","[233.0, 237.0]"
2024-08-02,214.457,216.067,205.756,207.606,LONG,"[225.0, 215.0, 226.0]","[233.0, 234.0, 237.0, 238.0, 245.0, 250.0, 265.0, 270.0]"
2024-08-03,214.457,216.067,205.756,207.606,NONE,"[215.0, 205.0, 200.0, 180.0]","[225.0, 233.0]"
2024-08-04,214.457,216.067,205.756,207.606,LONG,"[206.0, 199.0, 140.0, 168.0, 180.0]","[240.0, 250.0, 265.0, 270.0]"
2024-08-07,200.737,203.407,191.396,191.556,SHORT,"[140.0, 150.0, 170.0, 182.0]","[203.5, 204.0, 205.0, 208.0]"
2024-08-08,195.697,200.656,192.036,198.746,SHORT,"[100.0, 140.0, 170.0, 180.0, 193.0, 195.0, 198.0]","[203.5, 204.0, 205.0, 207.5, 208.0]"
2024-08-09,196.906,200.847,195.096,199.826,SHORT,"[187.0, 185.0, 182.0, 170.0, 150.0, 165.0, 180.0]","[205.0, 207.0, 203.5, 204.0]"
2024-08-10,196.906,200.847,195.096,199.826,NONE,[],[]
2024-08-11,196.906,200.847,195.096,199.826,NONE,"[180.0, 191.5, 195.0]","[201.0, 202.0, 203.0, 204.0, 207.0, 215.0, 225.0]"
2024-08-14,207.346,208.246,198.716,201.317,SHORT,"[170.0, 180.0, 185.0, 192.0]","[200.5, 204.0, 211.0, 215.0]"
2024-08-15,205.117,215.846,204.727,214.106,NONE,"[202.0, 203.0, 200.0, 198.0]","[215.0, 216.0, 217.0, 218.0]"
2024-08-16,211.086,219.747,210.796,216.107,LONG,"[198.0, 192.0, 180.0, 170.0]",[215.0]
2024-08-17,211.086,219.747,210.796,216.107,NONE,"[205.0, 206.0, 207.0, 208.0, 225.0]","[215.0, 235.0, 245.0, 250.0, 265.0, 220.0]"
2024-08-18,211.086,219.747,210.796,216.107,NONE,"[206.0, 208.0, 203.0, 220.0, 216.0]","[225.0, 265.0]"
2024-08-21,222.547,224.626,218.836,222.556,LONG,"[215.0, 216.0]","[225.0, 230.0, 265.0]"
2024-08-22,223.937,224.727,210.296,210.447,NONE,"[214.0, 215.0, 206.0, 208.0, 217.5]",[230.0]
2024-08-23,214.116,221.447,214.116,220.226,NONE,"[219.0, 214.0, 215.0, 207.0, 203.0]","[225.0, 223.5]"
2024-08-24,214.116,221.447,214.116,220.226,NONE,"[205.0, 208.0, 202.0, 200.0, 214.0, 215.0]","[219.0, 220.0]"
2024-08-25,214.116,221.447,214.116,220.226,LONG,"[215.0, 220.0, 221.0, 214.0]","[222.0, 225.0, 230.0]"
2024-08-28,209.336,211.777,202.556,205.616,SHORT,"[207.0, 203.0, 200.0, 180.0, 170.0]","[214.0, 215.0, 220.0]"
2024-08-29,209.796,214.837,205.686,205.997,LONG,"[207.0, 203.0, 200.0]","[214.0, 215.0, 230.0, 235.0]"
2024-08-30,208.517,214.557,207.006,214.246,LONG,"[203.0, 200.0]","[207.0, 214.0]"
2024-08-31,208.517,214.557,207.006,214.246,SHORT,"[203.0, 200.0, 190.0, 180.0, 170.0, 160.0]","[214.0, 215.0, 220.0, 225.0, 235.0]"
2024-09-01,208.517,214.557,207.006,214.246,LONG,"[203.0, 182.0]","[214.25, 225.0, 230.0, 235.0, 240.0, 265.0]"
2024-09-05,223.486,234.887,222.246,229.676,NONE,"[214.0, 210.0, 209.0]","[219.0, 220.0]"
2024-09-06,232.326,233.446,210.296,210.296,LONG,"[214.0, 213.0, 211.0, 207.0, 203.0, 200.0]","[220.0, 225.0, 230.0, 240.0]"
2024-09-07,232.326,233.446,210.296,210.296,LONG,"[223.0, 225.0]","[235.0, 245.0, 256.0, 260.0, 265.0]"
2024-09-08,232.326,233.446,210.296,210.296,SHORT,"[215.0, 207.0, 203.0, 200.0, 180.0, 170.0]","[235.0, 214.0]"
2024-09-11,224.306,228.377,216.796,227.696,NONE,"[215.0, 210.0, 207.0, 203.0]","[219.0, 220.0, 222.0, 224.0, 225.0, 233.5]"
2024-09-12,224.497,231.367,223.707,229.747,NONE,"[219.0, 214.0]","[222.0, 225.0, 224.0, 226.5, 227.0, 230.0, 233.0, 235.0, 245.0, 265.0]"
2024-09-13,227.726,232.616,226.236,230.007,NONE,"[210.0, 217.0, 219.0]","[233.0, 235.0]"
2024-09-14,227.726,232.616,226.236,230.007,NONE,"[224.0, 225.0, 218.0, 219.0]","[232.0, 235.0, 230.0, 233.0]"
2024-09-15,227.726,232.616,226.236,230.007,NONE,[226.5],"[232.0, 233.0, 235.0, 240.0, 245.0, 265.0]"
2024-09-18,229.847,235.617,226.846,226.857,NONE,"[220.0, 170.0, 150.0, 221.0]","[232.0, 233.0, 235.0, 240.0]"
2024-09-19,233.886,244.197,231.996,243.167,NONE,"[220.0, 207.0, 200.0, 170.0, 180.0]","[235.0, 245.0]"
2024-09-20,241.397,243.936,235.896,238.206,SHORT,"[222.0, 221.0]",[235.0]
2024-09-21,241.397,243.936,235.896,238.206,NONE,"[232.0, 233.0, 234.0, 235.0]","[245.0, 247.0, 265.0]"
2024-09-22,241.397,243.936,235.896,238.206,NONE,"[232.0, 233.0, 234.0, 226.0]","[244.0, 255.0, 260.0]"
2024-09-25,252.557,257.027,252.156,256.646,NONE,"[230.0, 232.0, 233.0, 245.0]","[255.0, 260.0]"
2024-09-26,260.317,261.646,251.476,253.756,NONE,"[182.0, 170.0, 160.0, 232.0, 233.0, 240.0]","[253.0, 265.0, 270.0, 280.0]"
2024-09-27,257.307,260.666,254.116,260.437,NONE,"[233.0, 170.0, 150.0]","[260.0, 265.0, 270.0]"
2024-09-28,257.307,260.666,254.116,260.437,SHORT,"[245.0, 230.0]",[257.0]
2024-09-29,257.307,260.666,254.116,260.437,NONE,"[230.0, 240.0, 254.0]","[261.5, 265.0, 270.0]"
2024-10-02,247.156,251.107,241.416,248.976,NONE,"[230.0, 240.0]","[262.5, 265.0, 270.0, 280.0, 300.0]"
2024-10-03,244.276,249.687,237.797,240.597,NONE,"[265.0, 258.0, 250.0, 240.0, 230.0]","[270.0, 280.0, 300.0]"
2024-10-04,246.367,250.917,244.576,249.917,NONE,"[249.0, 240.0, 230.0, 190.0, 180.0]","[265.0, 270.0]"
2024-10-05,246.367,250.917,244.576,249.917,LONG,"[235.0, 230.0]","[247.5, 250.0, 255.0, 256.0, 270.0, 271.0, 280.0]"
2024-10-06,246.367,250.917,244.576,249.917,LONG,"[244.5, 230.0, 245.0, 238.0, 237.0]","[250.0, 250.96, 251.0, 254.0, 255.0, 257.0, 258.0, 270.0, 280.0]"
2024-10-09,243.366,247.376,239.496,240.976,NONE,"[238.0, 240.0]","[252.0, 253.0, 2552.0, 260.0, 265.0, 270.0, 280.0]"
2024-10-10,241.866,242.676,232.316,238.496,NONE,"[239.0, 240.0]","[252.0, 253.0, 260.0, 270.0, 280.0]"
2024-10-11,219.996,223.316,214.296,217.686,NONE,"[239.0, 230.0]","[245.0, 246.0, 247.0, 252.0, 253.0, 260.0, 270.0, 280.0, 300.0]"
2024-10-12,219.996,223.316,214.296,217.686,SHORT,"[235.0, 232.0, 233.0, 223.0, 220.0, 210.0, 170.0, 150.0, 160.0]","[240.0, 250.0]"
2024-10-13,219.996,223.316,214.296,217.686,SHORT,"[217.8, 200.0]","[230.0, 260.0, 270.0]"
2024-10-16,221.056,222.757,218.876,221.226,NONE,"[217.0, 215.0, 207.0, 205.0, 202.0, 182.0, 140.0]","[220.0, 230.0, 227.0]"
2024-10-17,221.386,222.047,217.886,220.897,NONE,"[213.0, 215.0, 207.0, 203.0]","[220.5, 230.0, 250.0]"
2024-10-18,220.737,222.227,219.307,220.427,LONG,[220.0],"[225.0, 230.0]"
2024-10-19,220.737,222.227,219.307,220.427,SHORT,"[215.0, 207.0, 203.0]",[225.0]
2024-10-20,220.737,222.227,219.307,220.427,SHORT,"[207.0, 203.0, 215.0]",[225.0]
2024-10-23,216.966,218.637,212.096,213.627,NONE,[220.0],"[223.0, 230.0, 260.0, 265.0, 270.0]"
2024-10-24,244.587,262.066,242.496,260.537,NONE,[215.0],"[230.0, 250.0, 260.0]"
2024-10-25,255.966,269.467,255.276,268.386,NONE,"[215.0, 207.0, 205.0, 200.0, 195.0, 190.0, 170.0, 160.0]",[220.0]
2024-10-26,255.966,269.467,255.276,268.386,NONE,"[250.0, 245.0, 230.0, 232.0, 233.0, 225.0]","[265.0, 270.0]"
2024-10-27,255.966,269.467,255.276,268.386,NONE,"[262.0, 263.0, 230.0, 240.0, 267.0]","[271.0, 272.0, 280.0, 300.0]"
2024-10-30,257.946,263.336,255.816,257.567,NONE,"[260.0, 263.0, 250.0, 240.0, 235.0]","[271.0, 280.0]"
2024-10-31,257.936,259.636,249.266,249.706,SHORT,"[250.0, 240.0, 230.0, 220.0, 180.0, 170.0]","[260.0, 263.0]"
2024-11-01,251.457,253.916,246.627,248.887,SHORT,"[255.0, 256.0, 240.0, 230.0, 220.0]","[260.0, 263.0, 275.0]"
2024-11-02,251.457,253.916,246.627,248.887,NONE,"[240.0, 230.0, 235.0]","[256.0, 263.0]"
2024-11-03,251.457,253.916,246.627,248.887,NONE,"[230.0, 220.0, 235.0, 240.0]","[250.0, 252.0]"
2024-11-06,284.647,289.487,275.557,288.517,NONE,"[240.0, 230.0, 235.0]","[250.0, 252.0]"
2024-11-07,288.827,299.706,285.307,296.606,NONE,"[245.0, 230.0, 235.0, 225.0, 250.0, 150.0]",[253.0]
2024-11-08,299.116,328.586,297.546,321.016,LONG,"[280.0, 270.0, 230.0]","[290.0, 300.0, 313.0, 315.0]"
2024-11-09,299.116,328.586,297.546,321.016,LONG,"[270.0, 265.0, 230.0]","[300.0, 315.0, 297.0]"
2024-11-10,299.116,328.586,297.546,321.016,NONE,"[313.0, 315.0, 300.0, 280.0, 270.0]","[325.0, 338.0]"
2024-11-13,335.876,344.466,322.496,330.076,NONE,"[325.0, 300.0, 270.0, 280.0]","[364.0, 385.0, 400.0]"
2024-11-14,327.616,329.907,310.306,311.086,NONE,[325.0],"[365.0, 383.0, 400.0, 345.0, 350.0]"
2024-11-15,310.536,324.567,309.206,320.497,LONG,[325.0],"[365.0, 385.0, 400.0, 415.0, 351.0, 352.0, 359.0, 340.0, 350.0]"
2024-11-16,310.536,324.567,309.206,320.497,SHORT,"[265.0, 270.0, 285.0, 300.0]",[325.0]
2024-11-17,310.536,324.567,309.206,320.497,SHORT,"[260.0, 285.0]",[325.0]
2024-11-20,345.026,346.436,334.007,341.137,NONE,"[265.0, 285.0, 310.0]","[325.0, 350.0, 360.0, 370.0, 375.0]"
2024-11-21,343.817,347.887,335.246,339.526,LONG,[332.2],"[347.5, 350.0, 360.0, 365.0, 385.0, 400.0, 415.0]"
2024-11-22,340.607,356.456,337.696,352.526,LONG,"[334.5, 332.5, 330.0, 310.0]","[346.5, 347.2, 350.0, 360.0, 365.0, 385.0, 400.0]"
2024-11-23,340.607,356.456,337.696,352.526,LONG,[335.0],"[265.0, 365.0, 385.0, 400.0]"
2024-11-24,340.607,356.456,337.696,352.526,LONG,"[330.0, 347.0, 350.0]","[357.0, 365.0, 385.0, 400.0]"
2024-11-27,341.696,342.236,326.556,332.927,SHORT,[336.5],[]
2024-11-28,341.696,342.236,326.556,332.927,NONE,"[337.0, 285.0, 286.0]","[347.0, 350.0, 360.0]"
2024-11-29,335.987,344.836,333.976,344.707,SHORT,"[330.0, 315.0, 310.0, 285.0, 280.0, 313.0, 314.0]","[350.0, 360.0]"
2024-12-01,335.987,344.836,333.976,344.707,NONE,"[340.0, 330.0, 325.0, 320.0, 310.0, 295.0, 277.0, 285.0]","[347.0, 348.0, 355.0, 360.0]"
2024-12-04,352.527,358.087,348.496,357.407,NONE,"[340.0, 347.0, 325.0, 310.0, 285.0]","[360.0, 363.0, 385.0, 400.0, 420.0]"
2024-12-05,359.847,375.347,358.156,369.366,LONG,"[347.0, 350.0, 340.0, 325.0, 310.0, 285.0, 260.0, 270.0]","[360.0, 363.0, 385.0, 400.0]"
2024-12-06,376.706,389.357,370.796,389.337,LONG,"[348.0, 350.0, 342.0, 340.0]","[363.0, 360.0, 385.0, 400.0]"
2024-12-07,376.706,389.357,370.796,389.337,NONE,"[360.0, 363.0]","[371.0, 385.0, 400.0]"
2024-12-10,392.497,409.696,390.786,400.926,LONG,[370.0],"[400.0, 415.0, 420.0]"
2024-12-11,409.067,424.756,402.356,424.726,NONE,"[377.0, 360.0]",[400.0]
2024-12-12,424.437,429.226,414.996,418.096,NONE,"[400.0, 398.0, 371.0]","[414.5, 420.69]"
2024-12-13,420.207,436.107,415.676,435.996,NONE,"[300.0, 165.0]",[420.69]
2024-12-14,420.207,436.107,415.676,435.996,LONG,"[415.0, 400.0, 390.0, 365.0, 340.0]","[430.0, 444.5, 420.0]"
2024-12-15,420.207,436.107,415.676,435.996,NONE,"[425.0, 430.0, 415.0, 370.0, 360.0, 260.0]",[]
2024-12-18,466.117,488.306,426.997,440.867,LONG,"[460.0, 462.0, 415.0]","[469.0, 480.0]"
2024-12-19,451.596,456.157,419.996,436.126,NONE,"[460.0, 415.0, 400.0, 360.0, 425.0, 430.0]","[483.0, 485.0, 500.0]"
2024-12-20,424.997,446.936,417.547,420.996,SHORT,"[427.0, 415.0, 400.0, 360.0]",[460.0]
2024-12-21,424.997,446.936,417.547,420.996,NONE,"[415.0, 430.0, 425.0, 360.0]","[460.0, 500.0]"
2024-12-22,424.997,446.936,417.547,420.996,NONE,"[415.0, 430.0, 360.0, 270.0, 400.0]",[500.0]
2024-12-25,435.296,460.907,435.026,460.396,LONG,"[415.0, 360.0, 260.0]",[460.0]
2024-12-26,464.997,465.166,450.996,453.906,NONE,"[415.0, 430.0, 425.0, 420.0]","[460.0, 470.0, 490.0, 500.0]"
2024-12-28,448.946,449.706,426.356,431.686,NONE,"[415.0, 420.0, 430.0]","[460.0, 490.0, 500.0]"
2024-12-29,448.946,449.706,426.356,431.686,NONE,"[426.0, 425.0, 430.0, 415.0, 300.0, 270.0]","[430.0, 460.0, 490.0, 500.0]"
2025-01-01,423.496,427.747,402.496,404.377,SHORT,"[415.0, 380.0, 360.0, 350.0]","[430.0, 440.0]"
2025-01-02,390.157,392.597,372.997,378.767,LONG,[380.0],"[425.0, 430.0, 500.0, 460.0]"
2025-01-04,381.297,411.756,379.396,410.296,SHORT,"[350.0, 360.0, 380.0]",[415.0]
2025-01-05,381.297,411.756,379.396,410.296,NONE,"[360.0, 370.0]","[415.0, 425.0, 430.0]"
2025-01-08,392.357,402.387,387.297,394.807,NONE,"[380.0, 360.0, 370.0, 350.0]","[415.0, 425.0, 430.0, 460.0]"
2025-01-09,392.357,402.387,387.297,394.807,SHORT,"[370.0, 375.0, 360.0]","[425.0, 460.0]"
2025-01-10,391.297,399.016,384.196,393.436,LONG,"[370.0, 360.0, 350.0, 375.0]",[425.0]
2025-01-12,391.297,399.016,384.196,393.436,LONG,"[380.0, 370.0, 360.0]","[420.0, 425.0, 460.0, 510.0, 520.0]"
2025-01-15,409.547,429.677,405.556,428.106,NONE,"[380.0, 370.0, 360.0, 350.0]","[405.0, 415.0, 425.0, 460.0, 490.0]"
2025-01-16,423.246,423.247,409.116,413.717,NONE,"[380.0, 370.0, 360.0, 350.0]","[425.0, 415.0, 460.0, 470.0]"
2025-01-17,421.547,439.677,419.606,426.547,LONG,"[425.0, 415.0, 407.0]",[460.0]
2025-01-18,421.547,439.677,419.606,426.547,LONG,"[415.0, 407.0, 405.0]",[460.0]
2025-01-19,421.547,439.677,419.606,426.547,NONE,"[415.0, 390.0, 360.0]","[445.0, 460.0]"
2025-01-23,415.847,420.467,408.907,412.206,NONE,[385.0],"[440.0, 445.0, 460.0, 500.0]"
2025-01-24,414.367,417.937,405.717,406.506,NONE,"[415.0, 410.0, 405.0, 390.0, 380.0, 375.0, 350.0, 360.0, 330.0]","[435.0, 440.0, 460.0, 480.0, 490.0]"
2025-01-25,414.367,417.937,405.717,406.506,NONE,"[406.5, 409.0, 390.0, 380.0, 377.0]","[460.0, 500.0]"
2025-01-26,414.367,417.937,405.717,406.506,NONE,"[400.0, 390.0, 380.0, 280.0]","[430.0, 440.0, 460.0, 650.0]"
2025-01-29,395.107,398.497,384.406,387.296,NONE,"[390.0, 380.0, 280.0, 350.0, 340.0, 360.0]","[440.0, 460.0, 490.0, 500.0]"
2025-01-30,410.377,412.216,384.256,399.506,NONE,"[390.0, 360.0, 340.0, 280.0, 290.0]","[440.0, 460.0, 490.0, 500.0]"
2025-01-31,401.337,419.947,400.646,404.606,NONE,"[365.0, 350.0, 300.0, 280.0]","[440.0, 450.0]"
2025-02-02,401.337,419.947,400.646,404.606,LONG,"[390.0, 385.0]","[415.0, 440.0, 460.0]"
2025-02-05,386.377,388.277,375.496,377.507,SHORT,"[373.0, 374.0, 350.0]","[385.0, 410.0, 420.0]"
2025-02-06,372.797,375.336,363.146,374.266,NONE,"[374.0, 350.0, 360.0]","[405.0, 407.0, 420.0, 440.0, 460.0]"
2025-02-07,370.196,380.416,360.327,361.387,NONE,"[374.0, 350.0]","[405.0, 420.0, 390.0, 440.0, 460.0]"
2025-02-08,370.196,380.416,360.327,361.387,NONE,"[363.0, 350.0, 318.0]","[375.0, 380.0]"
2025-02-09,370.196,380.416,360.327,361.387,NONE,"[350.0, 340.0]","[375.0, 374.0, 380.0]"
2025-02-12,329.227,346.327,329.076,336.006,NONE,"[340.0, 330.0]","[370.0, 390.0, 380.0]"
2025-02-13,345.036,358.597,342.727,355.046,LONG,"[325.0, 318.0, 334.0, 300.0, 280.0, 270.0]","[370.0, 380.0, 340.0]"
2025-02-14,360.597,361.717,347.177,356.056,NONE,"[329.0, 280.0, 315.0, 300.0]","[370.0, 380.0, 347.0, 350.0, 340.0, 345.0]"
2025-02-15,360.597,361.717,347.177,356.056,NONE,"[350.0, 347.0]","[370.0, 380.0, 390.0, 361.62]"
2025-02-16,360.597,361.717,347.177,356.056,LONG,"[348.0, 350.0, 330.0, 320.0]","[370.0, 380.0, 390.0]"
2025-02-20,361.497,362.067,347.996,353.936,LONG,"[347.0, 348.0]","[370.0, 380.0, 390.0]"
2025-02-21,353.397,354.857,334.396,337.547,NONE,"[350.0, 360.0, 330.0]","[362.0, 363.0, 370.0, 380.0, 390.0]"
2025-02-22,353.397,354.857,334.396,337.547,NONE,"[347.0, 348.0, 330.0, 280.0]","[362.0, 363.0, 370.0, 380.0]"
2025-02-23,353.397,354.857,334.396,337.547,NONE,"[334.42, 332.0, 326.0, 300.0, 280.0]","[347.0, 348.0, 362.0, 363.0, 370.0, 380.0]"
2025-02-26,303.637,308.946,288.007,290.736,NONE,"[325.0, 321.0, 300.0, 280.0]","[347.0, 348.0, 342.0, 370.0]"
2025-02-27,290.866,297.146,280.786,281.977,LONG,"[270.0, 280.0, 290.0, 295.0, 300.0]","[305.0, 306.0, 313.0, 314.0, 325.0]"
2025-02-28,279.417,293.556,273.496,292.996,LONG,"[270.0, 280.0, 290.0, 300.0]","[325.0, 360.0]"
2025-03-01,279.417,293.556,273.496,292.996,LONG,"[260.0, 270.0, 290.0]",[360.0]
2025-03-02,279.417,293.556,273.496,292.996,LONG,"[260.0, 270.0, 290.0]","[310.0, 314.0, 320.0, 325.0, 340.0, 350.0]"
2025-03-05,272.626,279.517,267.606,278.946,LONG,"[265.0, 270.0]","[309.0, 320.0, 350.0]"
2025-03-06,271.776,272.576,260.006,263.337,LONG,[260.0],"[285.0, 325.0]"
2025-03-07,259.176,266.186,250.686,262.687,LONG,[285.0],"[292.0, 300.0]"
2025-03-08,259.176,266.186,250.686,262.687,NONE,[],"[350.0, 600.0]"
2025-03-09,259.176,266.186,250.686,262.687,LONG,"[105.0, 108.0, 250.0, 253.0, 260.0]","[265.0, 281.0, 310.0, 325.0]"
2025-03-12,246.667,251.777,241.036,248.076,LONG,"[150.0, 160.0, 170.0, 185.0, 200.0, 220.0]",[250.0]
2025-03-13,248.037,248.076,233.496,240.706,NONE,"[160.0, 180.0, 190.0, 217.0, 350.0]","[240.0, 250.0, 263.0, 302.0, 307.0, 320.0, 360.0]"
2025-03-14,247.087,251.547,240.726,249.837,LONG,"[242.0, 349.0]","[263.0, 275.0, 310.0, 320.0, 365.0]"
2025-03-15,247.087,251.547,240.726,249.837,LONG,"[233.0, 234.0]","[250.0, 252.0, 275.0, 310.0, 330.0, 351.0]"
2025-03-16,247.087,251.547,240.726,249.837,LONG,"[244.0, 245.0]","[250.0, 251.0, 252.0, 270.0]"
2025-03-19,231.497,241.346,229.206,235.706,NONE,"[230.0, 232.0, 220.0, 210.0]","[251.0, 252.0, 253.0]"
2025-03-20,232.906,237.957,230.047,236.086,NONE,"[230.0, 220.0, 213.0, 170.0]","[227.0, 228.0, 230.0, 250.0, 251.0, 252.0]"
2025-03-21,234.667,249.457,234.517,248.656,LONG,"[232.0, 233.0, 230.0, 229.0, 220.0, 213.0, 215.0, 200.0, 190.0, 180.0, 160.0, 170.0]","[240.0, 252.0]"
2025-03-22,234.667,249.457,234.517,248.656,LONG,"[231.0, 232.0, 229.0, 220.0, 215.0, 212.0, 180.0, 160.0]","[240.0, 250.0]"
2025-03-23,234.667,249.457,234.517,248.656,LONG,[],"[252.0, 253.0, 260.0, 270.0, 280.0]"
2025-03-26,282.286,284.817,266.497,272.076,NONE,"[260.0, 270.0]","[285.0, 307.0, 310.0, 320.0]"
2025-03-27,272.097,291.806,271.736,271.996,NONE,"[270.0, 275.0]","[290.0, 293.0, 300.0, 305.0]"
2025-03-28,274.986,276.017,260.576,263.496,NONE,"[263.0, 260.0]","[285.0, 293.0, 305.0, 313.0]"
2025-03-29,274.986,276.017,260.576,263.496,NONE,"[260.0, 250.0]","[290.0, 307.0, 320.0]"
2025-03-30,274.986,276.017,260.576,263.496,NONE,"[260.0, 250.0, 255.0]","[300.0, 320.0, 270.0, 290.0]"
2025-04-02,254.486,284.897,251.006,282.717,NONE,"[257.0, 250.0, 244.0, 230.0]","[263.0, 300.0, 310.0]"
2025-04-03,265.096,276.177,261.497,267.236,NONE,"[217.0, 220.0, 180.0, 160.0]",[310.0]
2025-04-04,254.786,260.767,235.947,239.106,NONE,"[250.0, 270.0]","[310.0, 305.0, 315.0]"
2025-04-05,254.786,260.767,235.947,239.106,NONE,"[260.0, 253.0, 250.0, 170.0]","[270.0, 310.0, 287.0, 290.0]"
2025-04-06,254.786,260.767,235.947,239.106,NONE,"[230.0, 220.0, 231.0, 234.0]","[250.0, 310.0, 305.0]"
2025-04-09,224.517,274.537,223.846,271.086,NONE,"[230.0, 220.0, 215.0, 190.0, 180.0, 213.0, 214.0]","[240.0, 250.0]"
2025-04-10,259.617,262.327,239.327,252.466,NONE,"[224.0, 220.0, 214.0, 215.0, 180.0, 190.0, 170.0]","[250.0, 252.0, 230.0, 228.0, 470.0]"
2025-04-11,251.677,257.607,241.336,252.026,NONE,"[220.0, 222.0, 215.0, 180.0, 200.0, 260.0, 250.0]","[285.0, 290.0, 350.0, 360.0, 370.0, 300.0, 270.0]"
2025-04-12,251.677,257.607,241.336,252.026,LONG,"[250.0, 220.0, 210.0, 180.0, 190.0]","[270.0, 290.0, 350.0]"
2025-04-13,251.677,257.607,241.336,252.026,LONG,"[220.0, 215.0, 170.0, 180.0, 190.0]","[270.0, 290.0, 320.0, 360.0, 370.0]"
2025-04-16,247.526,251.926,233.876,241.547,NONE,"[245.0, 225.0, 230.0, 220.0, 215.0]","[270.0, 290.0, 262.0]"
2025-04-17,243.587,244.236,237.636,241.137,NONE,"[250.0, 240.0, 230.0, 220.0, 215.0]","[255.0, 258.0, 259.0, 262.0, 270.0, 290.0]"
2025-04-18,243.587,244.236,237.636,241.137,NONE,"[190.0, 180.0, 246.0]",[250.0]
2025-04-21,229.997,231.956,222.776,227.316,LONG,"[220.0, 190.0, 170.0, 234.0]","[260.0, 265.0, 290.0]"
2025-04-23,255.026,259.377,244.406,250.747,NONE,"[214.0, 200.0, 197.0, 190.0, 170.0]","[233.0, 235.0, 240.0, 255.0, 260.0, 280.0, 290.0]"
2025-04-24,250.456,259.307,249.097,259.056,NONE,"[230.0, 220.0, 215.0, 200.0, 190.0]","[242.0, 243.0, 260.0, 290.0, 280.0]"
2025-04-25,261.597,286.817,259.576,284.797,NONE,"[215.0, 220.0, 242.0, 243.0, 244.0]","[260.0, 262.0, 280.0, 290.0, 300.0, 255.0]"
2025-04-26,261.597,286.817,259.576,284.797,LONG,"[258.0, 257.0]","[260.0, 262.0, 280.0, 290.0, 320.0, 360.0]"
2025-04-27,261.597,286.817,259.576,284.797,LONG,"[280.0, 285.0, 270.0, 260.0, 250.0]","[290.0, 320.0, 350.0, 370.0]"
2025-04-30,279.446,284.397,270.706,282.157,SHORT,"[281.0, 282.0, 272.0, 260.0]","[286.0, 287.0, 288.0, 290.0, 295.0]"
2025-04-30,279.446,284.397,270.706,282.157,SHORT,"[281.0, 282.0, 272.0, 260.0]","[286.0, 287.0, 288.0, 290.0, 295.0]"
2025-05-01,279.446,284.397,270.706,282.157,NONE,"[285.0, 288.0, 290.0]","[295.0, 310.0, 320.0, 330.0, 291.0]"
2025-05-01,279.446,284.397,270.706,282.157,NONE,"[288.0, 290.0, 285.0]","[295.0, 310.0, 320.0, 325.0, 330.0]"
2025-05-02,279.446,284.397,270.706,282.157,NONE,[260.0],"[293.0, 295.0]"
2025-05-02,279.446,284.397,270.706,282.157,SHORT,[260.0],"[293.0, 295.0, 290.0]"
